source_id,target_id,relationship_type,confidence_bps,priority,reason_text
"prd_qm_crispkettle_tea_biscuits_plain","prd_qm_munchmitra_butter_shortbread_bites","SAME_FAMILY","7600","5","A similar snacks choice can be suggested when the shopper is browsing this item."
"prd_qm_crispkettle_tea_biscuits_plain","prd_qm_fizzyleaf_sparkling_cola_drink","COMPLEMENT","8400","10","This complements tea biscuits plain in a practical basket for the same shopping occasion."
"prd_qm_munchmitra_butter_shortbread_bites","prd_qm_nibblenest_cocoa_cream_biscuits","SAME_FAMILY","7600","5","A similar snacks choice can be suggested when the shopper is browsing this item."
"prd_qm_munchmitra_butter_shortbread_bites","prd_qm_pourhouse_lemon_lime_fizz","COMPLEMENT","8400","10","This complements butter shortbread bites in a practical basket for the same shopping occasion."
"prd_qm_nibblenest_cocoa_cream_biscuits","prd_qm_crispkettle_oat_crunch_cookies","SAME_FAMILY","7600","5","A similar snacks choice can be suggested when the shopper is browsing this item."
"prd_qm_nibblenest_cocoa_cream_biscuits","prd_qm_sunsip_orange_sparkling_drink","COMPLEMENT","8400","10","This complements cocoa cream biscuits in a practical basket for the same shopping occasion."
"prd_qm_crispkettle_oat_crunch_cookies","prd_qm_munchmitra_salted_cracker_squares","SAME_FAMILY","7600","5","A similar snacks choice can be suggested when the shopper is browsing this item."
"prd_qm_crispkettle_oat_crunch_cookies","prd_qm_fizzyleaf_ginger_ale","COMPLEMENT","8400","10","This complements oat crunch cookies in a practical basket for the same shopping occasion."
"prd_qm_munchmitra_salted_cracker_squares","prd_qm_nibblenest_coconut_snap_biscuits","SAME_FAMILY","7600","5","A similar snacks choice can be suggested when the shopper is browsing this item."
"prd_qm_munchmitra_salted_cracker_squares","prd_qm_pourhouse_mango_fruit_drink","COMPLEMENT","8400","10","This complements salted cracker squares in a practical basket for the same shopping occasion."
"prd_qm_nibblenest_coconut_snap_biscuits","prd_qm_crispkettle_cardamom_tea_biscuits","SAME_FAMILY","7600","5","A similar snacks choice can be suggested when the shopper is browsing this item."
"prd_qm_nibblenest_coconut_snap_biscuits","prd_qm_sunsip_guava_fruit_drink","COMPLEMENT","8400","10","This complements coconut snap biscuits in a practical basket for the same shopping occasion."
"prd_qm_crispkettle_cardamom_tea_biscuits","prd_qm_munchmitra_honey_oat_cookies","SAME_FAMILY","7600","5","A similar snacks choice can be suggested when the shopper is browsing this item."
"prd_qm_crispkettle_cardamom_tea_biscuits","prd_qm_fizzyleaf_mixed_fruit_nectar","COMPLEMENT","8400","10","This complements cardamom tea biscuits in a practical basket for the same shopping occasion."
"prd_qm_munchmitra_honey_oat_cookies","prd_qm_nibblenest_ragi_sesame_bites","SAME_FAMILY","7600","5","A similar snacks choice can be suggested when the shopper is browsing this item."
"prd_qm_munchmitra_honey_oat_cookies","prd_qm_pourhouse_tender_coconut_water","COMPLEMENT","8400","10","This complements honey oat cookies in a practical basket for the same shopping occasion."
"prd_qm_nibblenest_ragi_sesame_bites","prd_qm_crispkettle_choco_chip_rounds","SAME_FAMILY","7600","5","A similar snacks choice can be suggested when the shopper is browsing this item."
"prd_qm_nibblenest_ragi_sesame_bites","prd_qm_sunsip_packaged_drinking_water","COMPLEMENT","8400","10","This complements ragi sesame bites in a practical basket for the same shopping occasion."
"prd_qm_crispkettle_choco_chip_rounds","prd_qm_munchmitra_classic_potato_crisps","SAME_FAMILY","7600","5","A similar snacks choice can be suggested when the shopper is browsing this item."
"prd_qm_crispkettle_choco_chip_rounds","prd_qm_fizzyleaf_soda_water","COMPLEMENT","8400","10","This complements choco chip rounds in a practical basket for the same shopping occasion."
"prd_qm_munchmitra_classic_potato_crisps","prd_qm_nibblenest_smoky_barbecue_crisps","SAME_FAMILY","7600","5","A similar snacks choice can be suggested when the shopper is browsing this item."
"prd_qm_munchmitra_classic_potato_crisps","prd_qm_pourhouse_peach_iced_tea","COMPLEMENT","8400","10","This complements classic potato crisps in a practical basket for the same shopping occasion."
"prd_qm_nibblenest_smoky_barbecue_crisps","prd_qm_crispkettle_lime_chilli_crisps","SAME_FAMILY","7600","5","A similar snacks choice can be suggested when the shopper is browsing this item."
"prd_qm_nibblenest_smoky_barbecue_crisps","prd_qm_sunsip_lemon_iced_tea","COMPLEMENT","8400","10","This complements smoky barbecue crisps in a practical basket for the same shopping occasion."
"prd_qm_crispkettle_lime_chilli_crisps","prd_qm_munchmitra_tomato_herb_crisps","SAME_FAMILY","7600","5","A similar snacks choice can be suggested when the shopper is browsing this item."
"prd_qm_crispkettle_lime_chilli_crisps","prd_qm_fizzyleaf_classic_black_tea","COMPLEMENT","8400","10","This complements lime chilli crisps in a practical basket for the same shopping occasion."
"prd_qm_munchmitra_tomato_herb_crisps","prd_qm_nibblenest_roasted_corn_puffs","SAME_FAMILY","7600","5","A similar snacks choice can be suggested when the shopper is browsing this item."
"prd_qm_munchmitra_tomato_herb_crisps","prd_qm_pourhouse_cardamom_tea","COMPLEMENT","8400","10","This complements tomato herb crisps in a practical basket for the same shopping occasion."
"prd_qm_nibblenest_roasted_corn_puffs","prd_qm_crispkettle_masala_lentil_rings","SAME_FAMILY","7600","5","A similar snacks choice can be suggested when the shopper is browsing this item."
"prd_qm_nibblenest_roasted_corn_puffs","prd_qm_sunsip_green_tea_bags","COMPLEMENT","8400","10","This complements roasted corn puffs in a practical basket for the same shopping occasion."
"prd_qm_crispkettle_masala_lentil_rings","prd_qm_munchmitra_spiced_gram_sev","SAME_FAMILY","7600","5","A similar snacks choice can be suggested when the shopper is browsing this item."
"prd_qm_crispkettle_masala_lentil_rings","prd_qm_fizzyleaf_ginger_tulsi_tea","COMPLEMENT","8400","10","This complements masala lentil rings in a practical basket for the same shopping occasion."
"prd_qm_munchmitra_spiced_gram_sev","prd_qm_nibblenest_tangy_trail_mix","SAME_FAMILY","7600","5","A similar snacks choice can be suggested when the shopper is browsing this item."
"prd_qm_munchmitra_spiced_gram_sev","prd_qm_pourhouse_instant_coffee_original","COMPLEMENT","8400","10","This complements spiced gram sev in a practical basket for the same shopping occasion."
"prd_qm_nibblenest_tangy_trail_mix","prd_qm_crispkettle_peanut_jaggery_brittle","SAME_FAMILY","7600","5","A similar snacks choice can be suggested when the shopper is browsing this item."
"prd_qm_nibblenest_tangy_trail_mix","prd_qm_sunsip_dark_roast_coffee","COMPLEMENT","8400","10","This complements tangy trail mix in a practical basket for the same shopping occasion."
"prd_qm_crispkettle_peanut_jaggery_brittle","prd_qm_munchmitra_roasted_chana_mix","SAME_FAMILY","7600","5","A similar snacks choice can be suggested when the shopper is browsing this item."
"prd_qm_crispkettle_peanut_jaggery_brittle","prd_qm_fizzyleaf_filter_coffee_blend","COMPLEMENT","8400","10","This complements peanut jaggery brittle in a practical basket for the same shopping occasion."
"prd_qm_munchmitra_roasted_chana_mix","prd_qm_nibblenest_rice_crackle_sticks","SAME_FAMILY","7600","5","A similar snacks choice can be suggested when the shopper is browsing this item."
"prd_qm_munchmitra_roasted_chana_mix","prd_qm_pourhouse_cold_coffee_can","COMPLEMENT","8400","10","This complements roasted chana mix in a practical basket for the same shopping occasion."
"prd_qm_nibblenest_rice_crackle_sticks","prd_qm_crispkettle_cheese_corn_nachos","SAME_FAMILY","7600","5","A similar snacks choice can be suggested when the shopper is browsing this item."
"prd_qm_nibblenest_rice_crackle_sticks","prd_qm_sunsip_cocoa_malt_drink","COMPLEMENT","8400","10","This complements rice crackle sticks in a practical basket for the same shopping occasion."
"prd_qm_crispkettle_cheese_corn_nachos","prd_qm_munchmitra_pepper_banana_chips","SAME_FAMILY","7600","5","A similar snacks choice can be suggested when the shopper is browsing this item."
"prd_qm_crispkettle_cheese_corn_nachos","prd_qm_fizzyleaf_salted_buttermilk","COMPLEMENT","8400","10","This complements cheese corn nachos in a practical basket for the same shopping occasion."
"prd_qm_munchmitra_pepper_banana_chips","prd_qm_nibblenest_cumin_mathri","SAME_FAMILY","7600","5","A similar snacks choice can be suggested when the shopper is browsing this item."
"prd_qm_munchmitra_pepper_banana_chips","prd_qm_pourhouse_plain_lassi","COMPLEMENT","8400","10","This complements pepper banana chips in a practical basket for the same shopping occasion."
"prd_qm_nibblenest_cumin_mathri","prd_qm_crispkettle_baked_multigrain_chips","SAME_FAMILY","7600","5","A similar snacks choice can be suggested when the shopper is browsing this item."
"prd_qm_nibblenest_cumin_mathri","prd_qm_sunsip_mango_lassi","COMPLEMENT","8400","10","This complements cumin mathri in a practical basket for the same shopping occasion."
"prd_qm_crispkettle_baked_multigrain_chips","prd_qm_munchmitra_savoury_millet_puffs","SAME_FAMILY","7600","5","A similar snacks choice can be suggested when the shopper is browsing this item."
"prd_qm_crispkettle_baked_multigrain_chips","prd_qm_fizzyleaf_berry_fruit_drink","COMPLEMENT","8400","10","This complements baked multigrain chips in a practical basket for the same shopping occasion."
"prd_qm_munchmitra_savoury_millet_puffs","prd_qm_nibblenest_chilli_garlic_peanuts","SAME_FAMILY","7600","5","A similar snacks choice can be suggested when the shopper is browsing this item."
"prd_qm_munchmitra_savoury_millet_puffs","prd_qm_pourhouse_pomegranate_juice","COMPLEMENT","8400","10","This complements savoury millet puffs in a practical basket for the same shopping occasion."
"prd_qm_nibblenest_chilli_garlic_peanuts","prd_qm_crispkettle_sweet_plantain_crisps","SAME_FAMILY","7600","5","A similar snacks choice can be suggested when the shopper is browsing this item."
"prd_qm_nibblenest_chilli_garlic_peanuts","prd_qm_sunsip_apple_juice","COMPLEMENT","8400","10","This complements chilli garlic peanuts in a practical basket for the same shopping occasion."
"prd_qm_crispkettle_sweet_plantain_crisps","prd_qm_munchmitra_herb_wafer_sticks","SAME_FAMILY","7600","5","A similar snacks choice can be suggested when the shopper is browsing this item."
"prd_qm_crispkettle_sweet_plantain_crisps","prd_qm_fizzyleaf_orange_juice","COMPLEMENT","8400","10","This complements sweet plantain crisps in a practical basket for the same shopping occasion."
"prd_qm_munchmitra_herb_wafer_sticks","prd_qm_nibblenest_caramel_popcorn","SAME_FAMILY","7600","5","A similar snacks choice can be suggested when the shopper is browsing this item."
"prd_qm_munchmitra_herb_wafer_sticks","prd_qm_pourhouse_lemonade","COMPLEMENT","8400","10","This complements herb wafer sticks in a practical basket for the same shopping occasion."
"prd_qm_nibblenest_caramel_popcorn","prd_qm_crispkettle_tea_biscuits_plain","SAME_FAMILY","7600","5","A similar snacks choice can be suggested when the shopper is browsing this item."
"prd_qm_nibblenest_caramel_popcorn","prd_qm_sunsip_electrolyte_orange_drink","COMPLEMENT","8400","10","This complements caramel popcorn in a practical basket for the same shopping occasion."
"prd_qm_fizzyleaf_sparkling_cola_drink","prd_qm_pourhouse_lemon_lime_fizz","SAME_FAMILY","7600","5","A similar beverages choice can be suggested when the shopper is browsing this item."
"prd_qm_fizzyleaf_sparkling_cola_drink","prd_qm_crispkettle_tea_biscuits_plain","COMPLEMENT","8400","10","This complements sparkling cola drink in a practical basket for the same shopping occasion."
"prd_qm_pourhouse_lemon_lime_fizz","prd_qm_sunsip_orange_sparkling_drink","SAME_FAMILY","7600","5","A similar beverages choice can be suggested when the shopper is browsing this item."
"prd_qm_pourhouse_lemon_lime_fizz","prd_qm_munchmitra_butter_shortbread_bites","COMPLEMENT","8400","10","This complements lemon lime fizz in a practical basket for the same shopping occasion."
"prd_qm_sunsip_orange_sparkling_drink","prd_qm_fizzyleaf_ginger_ale","SAME_FAMILY","7600","5","A similar beverages choice can be suggested when the shopper is browsing this item."
"prd_qm_sunsip_orange_sparkling_drink","prd_qm_nibblenest_cocoa_cream_biscuits","COMPLEMENT","8400","10","This complements orange sparkling drink in a practical basket for the same shopping occasion."
"prd_qm_fizzyleaf_ginger_ale","prd_qm_pourhouse_mango_fruit_drink","SAME_FAMILY","7600","5","A similar beverages choice can be suggested when the shopper is browsing this item."
"prd_qm_fizzyleaf_ginger_ale","prd_qm_crispkettle_oat_crunch_cookies","COMPLEMENT","8400","10","This complements ginger ale in a practical basket for the same shopping occasion."
"prd_qm_pourhouse_mango_fruit_drink","prd_qm_sunsip_guava_fruit_drink","SAME_FAMILY","7600","5","A similar beverages choice can be suggested when the shopper is browsing this item."
"prd_qm_pourhouse_mango_fruit_drink","prd_qm_munchmitra_salted_cracker_squares","COMPLEMENT","8400","10","This complements mango fruit drink in a practical basket for the same shopping occasion."
"prd_qm_sunsip_guava_fruit_drink","prd_qm_fizzyleaf_mixed_fruit_nectar","SAME_FAMILY","7600","5","A similar beverages choice can be suggested when the shopper is browsing this item."
"prd_qm_sunsip_guava_fruit_drink","prd_qm_nibblenest_coconut_snap_biscuits","COMPLEMENT","8400","10","This complements guava fruit drink in a practical basket for the same shopping occasion."
"prd_qm_fizzyleaf_mixed_fruit_nectar","prd_qm_pourhouse_tender_coconut_water","SAME_FAMILY","7600","5","A similar beverages choice can be suggested when the shopper is browsing this item."
"prd_qm_fizzyleaf_mixed_fruit_nectar","prd_qm_crispkettle_cardamom_tea_biscuits","COMPLEMENT","8400","10","This complements mixed fruit nectar in a practical basket for the same shopping occasion."
"prd_qm_pourhouse_tender_coconut_water","prd_qm_sunsip_packaged_drinking_water","SAME_FAMILY","7600","5","A similar beverages choice can be suggested when the shopper is browsing this item."
"prd_qm_pourhouse_tender_coconut_water","prd_qm_munchmitra_honey_oat_cookies","COMPLEMENT","8400","10","This complements tender coconut water in a practical basket for the same shopping occasion."
"prd_qm_sunsip_packaged_drinking_water","prd_qm_fizzyleaf_soda_water","SAME_FAMILY","7600","5","A similar beverages choice can be suggested when the shopper is browsing this item."
"prd_qm_sunsip_packaged_drinking_water","prd_qm_nibblenest_ragi_sesame_bites","COMPLEMENT","8400","10","This complements packaged drinking water in a practical basket for the same shopping occasion."
"prd_qm_fizzyleaf_soda_water","prd_qm_pourhouse_peach_iced_tea","SAME_FAMILY","7600","5","A similar beverages choice can be suggested when the shopper is browsing this item."
"prd_qm_fizzyleaf_soda_water","prd_qm_crispkettle_choco_chip_rounds","COMPLEMENT","8400","10","This complements soda water in a practical basket for the same shopping occasion."
"prd_qm_pourhouse_peach_iced_tea","prd_qm_sunsip_lemon_iced_tea","SAME_FAMILY","7600","5","A similar beverages choice can be suggested when the shopper is browsing this item."
"prd_qm_pourhouse_peach_iced_tea","prd_qm_munchmitra_classic_potato_crisps","COMPLEMENT","8400","10","This complements peach iced tea in a practical basket for the same shopping occasion."
"prd_qm_sunsip_lemon_iced_tea","prd_qm_fizzyleaf_classic_black_tea","SAME_FAMILY","7600","5","A similar beverages choice can be suggested when the shopper is browsing this item."
"prd_qm_sunsip_lemon_iced_tea","prd_qm_nibblenest_smoky_barbecue_crisps","COMPLEMENT","8400","10","This complements lemon iced tea in a practical basket for the same shopping occasion."
"prd_qm_fizzyleaf_classic_black_tea","prd_qm_pourhouse_cardamom_tea","SAME_FAMILY","7600","5","A similar beverages choice can be suggested when the shopper is browsing this item."
"prd_qm_fizzyleaf_classic_black_tea","prd_qm_crispkettle_lime_chilli_crisps","COMPLEMENT","8400","10","This complements classic black tea in a practical basket for the same shopping occasion."
"prd_qm_pourhouse_cardamom_tea","prd_qm_sunsip_green_tea_bags","SAME_FAMILY","7600","5","A similar beverages choice can be suggested when the shopper is browsing this item."
"prd_qm_pourhouse_cardamom_tea","prd_qm_munchmitra_tomato_herb_crisps","COMPLEMENT","8400","10","This complements cardamom tea in a practical basket for the same shopping occasion."
"prd_qm_sunsip_green_tea_bags","prd_qm_fizzyleaf_ginger_tulsi_tea","SAME_FAMILY","7600","5","A similar beverages choice can be suggested when the shopper is browsing this item."
"prd_qm_sunsip_green_tea_bags","prd_qm_nibblenest_roasted_corn_puffs","COMPLEMENT","8400","10","This complements green tea bags in a practical basket for the same shopping occasion."
"prd_qm_fizzyleaf_ginger_tulsi_tea","prd_qm_pourhouse_instant_coffee_original","SAME_FAMILY","7600","5","A similar beverages choice can be suggested when the shopper is browsing this item."
"prd_qm_fizzyleaf_ginger_tulsi_tea","prd_qm_crispkettle_masala_lentil_rings","COMPLEMENT","8400","10","This complements ginger tulsi tea in a practical basket for the same shopping occasion."
"prd_qm_pourhouse_instant_coffee_original","prd_qm_sunsip_dark_roast_coffee","SAME_FAMILY","7600","5","A similar beverages choice can be suggested when the shopper is browsing this item."
"prd_qm_pourhouse_instant_coffee_original","prd_qm_munchmitra_spiced_gram_sev","COMPLEMENT","8400","10","This complements instant coffee original in a practical basket for the same shopping occasion."
"prd_qm_sunsip_dark_roast_coffee","prd_qm_fizzyleaf_filter_coffee_blend","SAME_FAMILY","7600","5","A similar beverages choice can be suggested when the shopper is browsing this item."
"prd_qm_sunsip_dark_roast_coffee","prd_qm_nibblenest_tangy_trail_mix","COMPLEMENT","8400","10","This complements dark roast coffee in a practical basket for the same shopping occasion."
"prd_qm_fizzyleaf_filter_coffee_blend","prd_qm_pourhouse_cold_coffee_can","SAME_FAMILY","7600","5","A similar beverages choice can be suggested when the shopper is browsing this item."
"prd_qm_fizzyleaf_filter_coffee_blend","prd_qm_crispkettle_peanut_jaggery_brittle","COMPLEMENT","8400","10","This complements filter coffee blend in a practical basket for the same shopping occasion."
"prd_qm_pourhouse_cold_coffee_can","prd_qm_sunsip_cocoa_malt_drink","SAME_FAMILY","7600","5","A similar beverages choice can be suggested when the shopper is browsing this item."
"prd_qm_pourhouse_cold_coffee_can","prd_qm_munchmitra_roasted_chana_mix","COMPLEMENT","8400","10","This complements cold coffee can in a practical basket for the same shopping occasion."
"prd_qm_sunsip_cocoa_malt_drink","prd_qm_fizzyleaf_salted_buttermilk","SAME_FAMILY","7600","5","A similar beverages choice can be suggested when the shopper is browsing this item."
"prd_qm_sunsip_cocoa_malt_drink","prd_qm_nibblenest_rice_crackle_sticks","COMPLEMENT","8400","10","This complements cocoa malt drink in a practical basket for the same shopping occasion."
"prd_qm_fizzyleaf_salted_buttermilk","prd_qm_pourhouse_plain_lassi","SAME_FAMILY","7600","5","A similar beverages choice can be suggested when the shopper is browsing this item."
"prd_qm_fizzyleaf_salted_buttermilk","prd_qm_crispkettle_cheese_corn_nachos","COMPLEMENT","8400","10","This complements salted buttermilk in a practical basket for the same shopping occasion."
"prd_qm_pourhouse_plain_lassi","prd_qm_sunsip_mango_lassi","SAME_FAMILY","7600","5","A similar beverages choice can be suggested when the shopper is browsing this item."
"prd_qm_pourhouse_plain_lassi","prd_qm_munchmitra_pepper_banana_chips","COMPLEMENT","8400","10","This complements plain lassi in a practical basket for the same shopping occasion."
"prd_qm_sunsip_mango_lassi","prd_qm_fizzyleaf_berry_fruit_drink","SAME_FAMILY","7600","5","A similar beverages choice can be suggested when the shopper is browsing this item."
"prd_qm_sunsip_mango_lassi","prd_qm_nibblenest_cumin_mathri","COMPLEMENT","8400","10","This complements mango lassi in a practical basket for the same shopping occasion."
"prd_qm_fizzyleaf_berry_fruit_drink","prd_qm_pourhouse_pomegranate_juice","SAME_FAMILY","7600","5","A similar beverages choice can be suggested when the shopper is browsing this item."
"prd_qm_fizzyleaf_berry_fruit_drink","prd_qm_crispkettle_baked_multigrain_chips","COMPLEMENT","8400","10","This complements berry fruit drink in a practical basket for the same shopping occasion."
"prd_qm_pourhouse_pomegranate_juice","prd_qm_sunsip_apple_juice","SAME_FAMILY","7600","5","A similar beverages choice can be suggested when the shopper is browsing this item."
"prd_qm_pourhouse_pomegranate_juice","prd_qm_munchmitra_savoury_millet_puffs","COMPLEMENT","8400","10","This complements pomegranate juice in a practical basket for the same shopping occasion."
"prd_qm_sunsip_apple_juice","prd_qm_fizzyleaf_orange_juice","SAME_FAMILY","7600","5","A similar beverages choice can be suggested when the shopper is browsing this item."
"prd_qm_sunsip_apple_juice","prd_qm_nibblenest_chilli_garlic_peanuts","COMPLEMENT","8400","10","This complements apple juice in a practical basket for the same shopping occasion."
"prd_qm_fizzyleaf_orange_juice","prd_qm_pourhouse_lemonade","SAME_FAMILY","7600","5","A similar beverages choice can be suggested when the shopper is browsing this item."
"prd_qm_fizzyleaf_orange_juice","prd_qm_crispkettle_sweet_plantain_crisps","COMPLEMENT","8400","10","This complements orange juice in a practical basket for the same shopping occasion."
"prd_qm_pourhouse_lemonade","prd_qm_sunsip_electrolyte_orange_drink","SAME_FAMILY","7600","5","A similar beverages choice can be suggested when the shopper is browsing this item."
"prd_qm_pourhouse_lemonade","prd_qm_munchmitra_herb_wafer_sticks","COMPLEMENT","8400","10","This complements lemonade in a practical basket for the same shopping occasion."
"prd_qm_sunsip_electrolyte_orange_drink","prd_qm_fizzyleaf_sparkling_cola_drink","SAME_FAMILY","7600","5","A similar beverages choice can be suggested when the shopper is browsing this item."
"prd_qm_sunsip_electrolyte_orange_drink","prd_qm_nibblenest_caramel_popcorn","COMPLEMENT","8400","10","This complements electrolyte orange drink in a practical basket for the same shopping occasion."
"prd_qm_greenbasket_robusta_banana","prd_qm_dailyharvest_alphonso_mango","SAME_FAMILY","7600","5","A similar fresh produce choice can be suggested when the shopper is browsing this item."
"prd_qm_greenbasket_robusta_banana","prd_qm_harvesthill_whole_wheat_flour","COMPLEMENT","8400","10","This complements robusta banana in a practical basket for the same shopping occasion."
"prd_qm_dailyharvest_alphonso_mango","prd_qm_freshroute_kesar_mango","SAME_FAMILY","7600","5","A similar fresh produce choice can be suggested when the shopper is browsing this item."
"prd_qm_dailyharvest_alphonso_mango","prd_qm_kitchenleaf_multigrain_flour","COMPLEMENT","8400","10","This complements alphonso mango in a practical basket for the same shopping occasion."
"prd_qm_freshroute_kesar_mango","prd_qm_greenbasket_red_delicious_apple","SAME_FAMILY","7600","5","A similar fresh produce choice can be suggested when the shopper is browsing this item."
"prd_qm_freshroute_kesar_mango","prd_qm_graincraft_long_grain_rice","COMPLEMENT","8400","10","This complements kesar mango in a practical basket for the same shopping occasion."
"prd_qm_greenbasket_red_delicious_apple","prd_qm_dailyharvest_green_apple","SAME_FAMILY","7600","5","A similar fresh produce choice can be suggested when the shopper is browsing this item."
"prd_qm_greenbasket_red_delicious_apple","prd_qm_harvesthill_aromatic_basmati_rice","COMPLEMENT","8400","10","This complements red delicious apple in a practical basket for the same shopping occasion."
"prd_qm_dailyharvest_green_apple","prd_qm_freshroute_nagpur_orange","SAME_FAMILY","7600","5","A similar fresh produce choice can be suggested when the shopper is browsing this item."
"prd_qm_dailyharvest_green_apple","prd_qm_kitchenleaf_sona_masoori_rice","COMPLEMENT","8400","10","This complements green apple in a practical basket for the same shopping occasion."
"prd_qm_freshroute_nagpur_orange","prd_qm_greenbasket_sweet_lime","SAME_FAMILY","7600","5","A similar fresh produce choice can be suggested when the shopper is browsing this item."
"prd_qm_freshroute_nagpur_orange","prd_qm_graincraft_brown_rice","COMPLEMENT","8400","10","This complements nagpur orange in a practical basket for the same shopping occasion."
"prd_qm_greenbasket_sweet_lime","prd_qm_dailyharvest_papaya","SAME_FAMILY","7600","5","A similar fresh produce choice can be suggested when the shopper is browsing this item."
"prd_qm_greenbasket_sweet_lime","prd_qm_harvesthill_toor_dal","COMPLEMENT","8400","10","This complements sweet lime in a practical basket for the same shopping occasion."
"prd_qm_dailyharvest_papaya","prd_qm_freshroute_pomegranate","SAME_FAMILY","7600","5","A similar fresh produce choice can be suggested when the shopper is browsing this item."
"prd_qm_dailyharvest_papaya","prd_qm_kitchenleaf_split_moong_dal","COMPLEMENT","8400","10","This complements papaya in a practical basket for the same shopping occasion."
"prd_qm_freshroute_pomegranate","prd_qm_greenbasket_green_grapes","SAME_FAMILY","7600","5","A similar fresh produce choice can be suggested when the shopper is browsing this item."
"prd_qm_freshroute_pomegranate","prd_qm_graincraft_red_lentils","COMPLEMENT","8400","10","This complements pomegranate in a practical basket for the same shopping occasion."
"prd_qm_greenbasket_green_grapes","prd_qm_dailyharvest_black_grapes","SAME_FAMILY","7600","5","A similar fresh produce choice can be suggested when the shopper is browsing this item."
"prd_qm_greenbasket_green_grapes","prd_qm_harvesthill_chana_dal","COMPLEMENT","8400","10","This complements green grapes in a practical basket for the same shopping occasion."
"prd_qm_dailyharvest_black_grapes","prd_qm_freshroute_guava","SAME_FAMILY","7600","5","A similar fresh produce choice can be suggested when the shopper is browsing this item."
"prd_qm_dailyharvest_black_grapes","prd_qm_kitchenleaf_kidney_beans","COMPLEMENT","8400","10","This complements black grapes in a practical basket for the same shopping occasion."
"prd_qm_freshroute_guava","prd_qm_greenbasket_pineapple","SAME_FAMILY","7600","5","A similar fresh produce choice can be suggested when the shopper is browsing this item."
"prd_qm_freshroute_guava","prd_qm_graincraft_kabuli_chickpeas","COMPLEMENT","8400","10","This complements guava in a practical basket for the same shopping occasion."
"prd_qm_greenbasket_pineapple","prd_qm_dailyharvest_watermelon","SAME_FAMILY","7600","5","A similar fresh produce choice can be suggested when the shopper is browsing this item."
"prd_qm_greenbasket_pineapple","prd_qm_harvesthill_thick_poha","COMPLEMENT","8400","10","This complements pineapple in a practical basket for the same shopping occasion."
"prd_qm_dailyharvest_watermelon","prd_qm_freshroute_muskmelon","SAME_FAMILY","7600","5","A similar fresh produce choice can be suggested when the shopper is browsing this item."
"prd_qm_dailyharvest_watermelon","prd_qm_kitchenleaf_semolina_rava","COMPLEMENT","8400","10","This complements watermelon in a practical basket for the same shopping occasion."
"prd_qm_freshroute_muskmelon","prd_qm_greenbasket_kiwi","SAME_FAMILY","7600","5","A similar fresh produce choice can be suggested when the shopper is browsing this item."
"prd_qm_freshroute_muskmelon","prd_qm_graincraft_gram_flour","COMPLEMENT","8400","10","This complements muskmelon in a practical basket for the same shopping occasion."
"prd_qm_greenbasket_kiwi","prd_qm_dailyharvest_pear","SAME_FAMILY","7600","5","A similar fresh produce choice can be suggested when the shopper is browsing this item."
"prd_qm_greenbasket_kiwi","prd_qm_harvesthill_finger_millet_flour","COMPLEMENT","8400","10","This complements kiwi in a practical basket for the same shopping occasion."
"prd_qm_dailyharvest_pear","prd_qm_freshroute_dragon_fruit","SAME_FAMILY","7600","5","A similar fresh produce choice can be suggested when the shopper is browsing this item."
"prd_qm_dailyharvest_pear","prd_qm_kitchenleaf_pearl_millet_flour","COMPLEMENT","8400","10","This complements pear in a practical basket for the same shopping occasion."
"prd_qm_freshroute_dragon_fruit","prd_qm_greenbasket_tender_coconut","SAME_FAMILY","7600","5","A similar fresh produce choice can be suggested when the shopper is browsing this item."
"prd_qm_freshroute_dragon_fruit","prd_qm_graincraft_sorghum_flour","COMPLEMENT","8400","10","This complements dragon fruit in a practical basket for the same shopping occasion."
"prd_qm_greenbasket_tender_coconut","prd_qm_dailyharvest_strawberry","SAME_FAMILY","7600","5","A similar fresh produce choice can be suggested when the shopper is browsing this item."
"prd_qm_greenbasket_tender_coconut","prd_qm_harvesthill_broken_wheat","COMPLEMENT","8400","10","This complements tender coconut in a practical basket for the same shopping occasion."
"prd_qm_dailyharvest_strawberry","prd_qm_freshroute_blueberry","SAME_FAMILY","7600","5","A similar fresh produce choice can be suggested when the shopper is browsing this item."
"prd_qm_dailyharvest_strawberry","prd_qm_kitchenleaf_quinoa_grain","COMPLEMENT","8400","10","This complements strawberry in a practical basket for the same shopping occasion."
"prd_qm_freshroute_blueberry","prd_qm_greenbasket_chikoo","SAME_FAMILY","7600","5","A similar fresh produce choice can be suggested when the shopper is browsing this item."
"prd_qm_freshroute_blueberry","prd_qm_graincraft_sunflower_cooking_oil","COMPLEMENT","8400","10","This complements blueberry in a practical basket for the same shopping occasion."
"prd_qm_greenbasket_chikoo","prd_qm_dailyharvest_plum","SAME_FAMILY","7600","5","A similar fresh produce choice can be suggested when the shopper is browsing this item."
"prd_qm_greenbasket_chikoo","prd_qm_harvesthill_mustard_cooking_oil","COMPLEMENT","8400","10","This complements chikoo in a practical basket for the same shopping occasion."
"prd_qm_dailyharvest_plum","prd_qm_freshroute_peach","SAME_FAMILY","7600","5","A similar fresh produce choice can be suggested when the shopper is browsing this item."
"prd_qm_dailyharvest_plum","prd_qm_kitchenleaf_groundnut_cooking_oil","COMPLEMENT","8400","10","This complements plum in a practical basket for the same shopping occasion."
"prd_qm_freshroute_peach","prd_qm_greenbasket_litchi","SAME_FAMILY","7600","5","A similar fresh produce choice can be suggested when the shopper is browsing this item."
"prd_qm_freshroute_peach","prd_qm_graincraft_rice_bran_oil","COMPLEMENT","8400","10","This complements peach in a practical basket for the same shopping occasion."
"prd_qm_greenbasket_litchi","prd_qm_dailyharvest_avocado","SAME_FAMILY","7600","5","A similar fresh produce choice can be suggested when the shopper is browsing this item."
"prd_qm_greenbasket_litchi","prd_qm_harvesthill_iodised_table_salt","COMPLEMENT","8400","10","This complements litchi in a practical basket for the same shopping occasion."
"prd_qm_dailyharvest_avocado","prd_qm_freshroute_hybrid_tomato","SAME_FAMILY","7600","5","A similar fresh produce choice can be suggested when the shopper is browsing this item."
"prd_qm_dailyharvest_avocado","prd_qm_kitchenleaf_cane_sugar","COMPLEMENT","8400","10","This complements avocado in a practical basket for the same shopping occasion."
"prd_qm_freshroute_hybrid_tomato","prd_qm_greenbasket_red_onion","SAME_FAMILY","7600","5","A similar fresh produce choice can be suggested when the shopper is browsing this item."
"prd_qm_freshroute_hybrid_tomato","prd_qm_graincraft_jaggery_powder","COMPLEMENT","8400","10","This complements hybrid tomato in a practical basket for the same shopping occasion."
"prd_qm_greenbasket_red_onion","prd_qm_dailyharvest_table_potato","SAME_FAMILY","7600","5","A similar fresh produce choice can be suggested when the shopper is browsing this item."
"prd_qm_greenbasket_red_onion","prd_qm_harvesthill_forest_honey","COMPLEMENT","8400","10","This complements red onion in a practical basket for the same shopping occasion."
"prd_qm_dailyharvest_table_potato","prd_qm_freshroute_green_capsicum","SAME_FAMILY","7600","5","A similar fresh produce choice can be suggested when the shopper is browsing this item."
"prd_qm_dailyharvest_table_potato","prd_qm_kitchenleaf_creamy_peanut_spread","COMPLEMENT","8400","10","This complements table potato in a practical basket for the same shopping occasion."
"prd_qm_freshroute_green_capsicum","prd_qm_greenbasket_robusta_banana","SAME_FAMILY","7600","5","A similar fresh produce choice can be suggested when the shopper is browsing this item."
"prd_qm_freshroute_green_capsicum","prd_qm_graincraft_tomato_cooking_sauce","COMPLEMENT","8400","10","This complements green capsicum in a practical basket for the same shopping occasion."
"prd_qm_harborcatch_chicken_curry_cut","prd_qm_meatbasket_chicken_breast_boneless","SAME_FAMILY","7600","5","A similar meat seafood choice can be suggested when the shopper is browsing this item."
"prd_qm_harborcatch_chicken_curry_cut","prd_qm_harvesthill_whole_wheat_flour","COMPLEMENT","8400","10","This complements chicken curry cut in a practical basket for the same shopping occasion."
"prd_qm_meatbasket_chicken_breast_boneless","prd_qm_coastalcut_chicken_thigh_boneless","SAME_FAMILY","7600","5","A similar meat seafood choice can be suggested when the shopper is browsing this item."
"prd_qm_meatbasket_chicken_breast_boneless","prd_qm_kitchenleaf_multigrain_flour","COMPLEMENT","8400","10","This complements chicken breast boneless in a practical basket for the same shopping occasion."
"prd_qm_coastalcut_chicken_thigh_boneless","prd_qm_harborcatch_chicken_leg_cut","SAME_FAMILY","7600","5","A similar meat seafood choice can be suggested when the shopper is browsing this item."
"prd_qm_coastalcut_chicken_thigh_boneless","prd_qm_graincraft_long_grain_rice","COMPLEMENT","8400","10","This complements chicken thigh boneless in a practical basket for the same shopping occasion."
"prd_qm_harborcatch_chicken_leg_cut","prd_qm_meatbasket_chicken_mince","SAME_FAMILY","7600","5","A similar meat seafood choice can be suggested when the shopper is browsing this item."
"prd_qm_harborcatch_chicken_leg_cut","prd_qm_harvesthill_aromatic_basmati_rice","COMPLEMENT","8400","10","This complements chicken leg cut in a practical basket for the same shopping occasion."
"prd_qm_meatbasket_chicken_mince","prd_qm_coastalcut_chicken_wings","SAME_FAMILY","7600","5","A similar meat seafood choice can be suggested when the shopper is browsing this item."
"prd_qm_meatbasket_chicken_mince","prd_qm_kitchenleaf_sona_masoori_rice","COMPLEMENT","8400","10","This complements chicken mince in a practical basket for the same shopping occasion."
"prd_qm_coastalcut_chicken_wings","prd_qm_harborcatch_chicken_tikka_cut","SAME_FAMILY","7600","5","A similar meat seafood choice can be suggested when the shopper is browsing this item."
"prd_qm_coastalcut_chicken_wings","prd_qm_graincraft_brown_rice","COMPLEMENT","8400","10","This complements chicken wings in a practical basket for the same shopping occasion."
"prd_qm_harborcatch_chicken_tikka_cut","prd_qm_meatbasket_chicken_drumsticks","SAME_FAMILY","7600","5","A similar meat seafood choice can be suggested when the shopper is browsing this item."
"prd_qm_harborcatch_chicken_tikka_cut","prd_qm_harvesthill_toor_dal","COMPLEMENT","8400","10","This complements chicken tikka cut in a practical basket for the same shopping occasion."
"prd_qm_meatbasket_chicken_drumsticks","prd_qm_coastalcut_whole_chicken_cleaned","SAME_FAMILY","7600","5","A similar meat seafood choice can be suggested when the shopper is browsing this item."
"prd_qm_meatbasket_chicken_drumsticks","prd_qm_kitchenleaf_split_moong_dal","COMPLEMENT","8400","10","This complements chicken drumsticks in a practical basket for the same shopping occasion."
"prd_qm_coastalcut_whole_chicken_cleaned","prd_qm_harborcatch_chicken_sausage","SAME_FAMILY","7600","5","A similar meat seafood choice can be suggested when the shopper is browsing this item."
"prd_qm_coastalcut_whole_chicken_cleaned","prd_qm_graincraft_red_lentils","COMPLEMENT","8400","10","This complements whole chicken cleaned in a practical basket for the same shopping occasion."
"prd_qm_harborcatch_chicken_sausage","prd_qm_meatbasket_rohu_curry_cut","SAME_FAMILY","7600","5","A similar meat seafood choice can be suggested when the shopper is browsing this item."
"prd_qm_harborcatch_chicken_sausage","prd_qm_harvesthill_chana_dal","COMPLEMENT","8400","10","This complements chicken sausage in a practical basket for the same shopping occasion."
"prd_qm_meatbasket_rohu_curry_cut","prd_qm_coastalcut_katla_curry_cut","SAME_FAMILY","7600","5","A similar meat seafood choice can be suggested when the shopper is browsing this item."
"prd_qm_meatbasket_rohu_curry_cut","prd_qm_kitchenleaf_kidney_beans","COMPLEMENT","8400","10","This complements rohu curry cut in a practical basket for the same shopping occasion."
"prd_qm_coastalcut_katla_curry_cut","prd_qm_harborcatch_rawas_fillet","SAME_FAMILY","7600","5","A similar meat seafood choice can be suggested when the shopper is browsing this item."
"prd_qm_coastalcut_katla_curry_cut","prd_qm_graincraft_kabuli_chickpeas","COMPLEMENT","8400","10","This complements katla curry cut in a practical basket for the same shopping occasion."
"prd_qm_harborcatch_rawas_fillet","prd_qm_meatbasket_basa_fillet","SAME_FAMILY","7600","5","A similar meat seafood choice can be suggested when the shopper is browsing this item."
"prd_qm_harborcatch_rawas_fillet","prd_qm_harvesthill_thick_poha","COMPLEMENT","8400","10","This complements rawas fillet in a practical basket for the same shopping occasion."
"prd_qm_meatbasket_basa_fillet","prd_qm_coastalcut_pomfret_cleaned","SAME_FAMILY","7600","5","A similar meat seafood choice can be suggested when the shopper is browsing this item."
"prd_qm_meatbasket_basa_fillet","prd_qm_kitchenleaf_semolina_rava","COMPLEMENT","8400","10","This complements basa fillet in a practical basket for the same shopping occasion."
"prd_qm_coastalcut_pomfret_cleaned","prd_qm_harborcatch_medium_prawns","SAME_FAMILY","7600","5","A similar meat seafood choice can be suggested when the shopper is browsing this item."
"prd_qm_coastalcut_pomfret_cleaned","prd_qm_graincraft_gram_flour","COMPLEMENT","8400","10","This complements pomfret cleaned in a practical basket for the same shopping occasion."
"prd_qm_harborcatch_medium_prawns","prd_qm_meatbasket_tiger_prawns","SAME_FAMILY","7600","5","A similar meat seafood choice can be suggested when the shopper is browsing this item."
"prd_qm_harborcatch_medium_prawns","prd_qm_harvesthill_finger_millet_flour","COMPLEMENT","8400","10","This complements medium prawns in a practical basket for the same shopping occasion."
"prd_qm_meatbasket_tiger_prawns","prd_qm_coastalcut_squid_rings","SAME_FAMILY","7600","5","A similar meat seafood choice can be suggested when the shopper is browsing this item."
"prd_qm_meatbasket_tiger_prawns","prd_qm_kitchenleaf_pearl_millet_flour","COMPLEMENT","8400","10","This complements tiger prawns in a practical basket for the same shopping occasion."
"prd_qm_coastalcut_squid_rings","prd_qm_harborcatch_mackerel_cleaned","SAME_FAMILY","7600","5","A similar meat seafood choice can be suggested when the shopper is browsing this item."
"prd_qm_coastalcut_squid_rings","prd_qm_graincraft_sorghum_flour","COMPLEMENT","8400","10","This complements squid rings in a practical basket for the same shopping occasion."
"prd_qm_harborcatch_mackerel_cleaned","prd_qm_meatbasket_surmai_steaks","SAME_FAMILY","7600","5","A similar meat seafood choice can be suggested when the shopper is browsing this item."
"prd_qm_harborcatch_mackerel_cleaned","prd_qm_harvesthill_broken_wheat","COMPLEMENT","8400","10","This complements mackerel cleaned in a practical basket for the same shopping occasion."
"prd_qm_meatbasket_surmai_steaks","prd_qm_coastalcut_salmon_fillet","SAME_FAMILY","7600","5","A similar meat seafood choice can be suggested when the shopper is browsing this item."
"prd_qm_meatbasket_surmai_steaks","prd_qm_kitchenleaf_quinoa_grain","COMPLEMENT","8400","10","This complements surmai steaks in a practical basket for the same shopping occasion."
"prd_qm_coastalcut_salmon_fillet","prd_qm_harborcatch_fish_fry_cut","SAME_FAMILY","7600","5","A similar meat seafood choice can be suggested when the shopper is browsing this item."
"prd_qm_coastalcut_salmon_fillet","prd_qm_graincraft_sunflower_cooking_oil","COMPLEMENT","8400","10","This complements salmon fillet in a practical basket for the same shopping occasion."
"prd_qm_harborcatch_fish_fry_cut","prd_qm_meatbasket_whole_crab","SAME_FAMILY","7600","5","A similar meat seafood choice can be suggested when the shopper is browsing this item."
"prd_qm_harborcatch_fish_fry_cut","prd_qm_harvesthill_mustard_cooking_oil","COMPLEMENT","8400","10","This complements fish fry cut in a practical basket for the same shopping occasion."
"prd_qm_meatbasket_whole_crab","prd_qm_coastalcut_anchovy_cleaned","SAME_FAMILY","7600","5","A similar meat seafood choice can be suggested when the shopper is browsing this item."
"prd_qm_meatbasket_whole_crab","prd_qm_kitchenleaf_groundnut_cooking_oil","COMPLEMENT","8400","10","This complements whole crab in a practical basket for the same shopping occasion."
"prd_qm_coastalcut_anchovy_cleaned","prd_qm_harborcatch_lamb_curry_cut","SAME_FAMILY","7600","5","A similar meat seafood choice can be suggested when the shopper is browsing this item."
"prd_qm_coastalcut_anchovy_cleaned","prd_qm_graincraft_rice_bran_oil","COMPLEMENT","8400","10","This complements anchovy cleaned in a practical basket for the same shopping occasion."
"prd_qm_harborcatch_lamb_curry_cut","prd_qm_meatbasket_mutton_mince","SAME_FAMILY","7600","5","A similar meat seafood choice can be suggested when the shopper is browsing this item."
"prd_qm_harborcatch_lamb_curry_cut","prd_qm_harvesthill_iodised_table_salt","COMPLEMENT","8400","10","This complements lamb curry cut in a practical basket for the same shopping occasion."
"prd_qm_meatbasket_mutton_mince","prd_qm_coastalcut_mutton_chops","SAME_FAMILY","7600","5","A similar meat seafood choice can be suggested when the shopper is browsing this item."
"prd_qm_meatbasket_mutton_mince","prd_qm_kitchenleaf_cane_sugar","COMPLEMENT","8400","10","This complements mutton mince in a practical basket for the same shopping occasion."
"prd_qm_coastalcut_mutton_chops","prd_qm_harborcatch_turkey_slices","SAME_FAMILY","7600","5","A similar meat seafood choice can be suggested when the shopper is browsing this item."
"prd_qm_coastalcut_mutton_chops","prd_qm_graincraft_jaggery_powder","COMPLEMENT","8400","10","This complements mutton chops in a practical basket for the same shopping occasion."
"prd_qm_harborcatch_turkey_slices","prd_qm_meatbasket_marinated_chicken_tikka","SAME_FAMILY","7600","5","A similar meat seafood choice can be suggested when the shopper is browsing this item."
"prd_qm_harborcatch_turkey_slices","prd_qm_harvesthill_forest_honey","COMPLEMENT","8400","10","This complements turkey slices in a practical basket for the same shopping occasion."
"prd_qm_meatbasket_marinated_chicken_tikka","prd_qm_coastalcut_fish_curry_pieces","SAME_FAMILY","7600","5","A similar meat seafood choice can be suggested when the shopper is browsing this item."
"prd_qm_meatbasket_marinated_chicken_tikka","prd_qm_kitchenleaf_creamy_peanut_spread","COMPLEMENT","8400","10","This complements marinated chicken tikka in a practical basket for the same shopping occasion."
"prd_qm_coastalcut_fish_curry_pieces","prd_qm_harborcatch_chicken_curry_cut","SAME_FAMILY","7600","5","A similar meat seafood choice can be suggested when the shopper is browsing this item."
"prd_qm_coastalcut_fish_curry_pieces","prd_qm_graincraft_tomato_cooking_sauce","COMPLEMENT","8400","10","This complements fish curry pieces in a practical basket for the same shopping occasion."
"prd_qm_cleanora_everyday_laundry_powder","prd_qm_homekind_top_load_laundry_powder","SAME_FAMILY","7600","5","A similar household choice can be suggested when the shopper is browsing this item."
"prd_qm_cleanora_everyday_laundry_powder","prd_qm_carebloom_fluoride_toothpaste","COMPLEMENT","8400","10","This complements everyday laundry powder in a practical basket for the same shopping occasion."
"prd_qm_homekind_top_load_laundry_powder","prd_qm_brightnest_front_load_laundry_liquid","SAME_FAMILY","7600","5","A similar household choice can be suggested when the shopper is browsing this item."
"prd_qm_homekind_top_load_laundry_powder","prd_qm_everyday_aura_fresh_mint_gel","COMPLEMENT","8400","10","This complements top load laundry powder in a practical basket for the same shopping occasion."
"prd_qm_brightnest_front_load_laundry_liquid","prd_qm_cleanora_fabric_softener_fresh","SAME_FAMILY","7600","5","A similar household choice can be suggested when the shopper is browsing this item."
"prd_qm_brightnest_front_load_laundry_liquid","prd_qm_softroot_sensitive_teeth_paste","COMPLEMENT","8400","10","This complements front load laundry liquid in a practical basket for the same shopping occasion."
"prd_qm_cleanora_fabric_softener_fresh","prd_qm_homekind_delicate_garment_wash","SAME_FAMILY","7600","5","A similar household choice can be suggested when the shopper is browsing this item."
"prd_qm_cleanora_fabric_softener_fresh","prd_qm_carebloom_herbal_neem_paste","COMPLEMENT","8400","10","This complements fabric softener fresh in a practical basket for the same shopping occasion."
"prd_qm_homekind_delicate_garment_wash","prd_qm_brightnest_lemon_dish_gel","SAME_FAMILY","7600","5","A similar household choice can be suggested when the shopper is browsing this item."
"prd_qm_homekind_delicate_garment_wash","prd_qm_everyday_aura_kids_fruit_toothpaste","COMPLEMENT","8400","10","This complements delicate garment wash in a practical basket for the same shopping occasion."
"prd_qm_brightnest_lemon_dish_gel","prd_qm_cleanora_dish_scrub_bar","SAME_FAMILY","7600","5","A similar household choice can be suggested when the shopper is browsing this item."
"prd_qm_brightnest_lemon_dish_gel","prd_qm_softroot_whitening_toothpaste","COMPLEMENT","8400","10","This complements lemon dish gel in a practical basket for the same shopping occasion."
"prd_qm_cleanora_dish_scrub_bar","prd_qm_homekind_toilet_bowl_cleaner","SAME_FAMILY","7600","5","A similar household choice can be suggested when the shopper is browsing this item."
"prd_qm_cleanora_dish_scrub_bar","prd_qm_carebloom_mild_mouthwash","COMPLEMENT","8400","10","This complements dish scrub bar in a practical basket for the same shopping occasion."
"prd_qm_homekind_toilet_bowl_cleaner","prd_qm_brightnest_bathroom_surface_cleaner","SAME_FAMILY","7600","5","A similar household choice can be suggested when the shopper is browsing this item."
"prd_qm_homekind_toilet_bowl_cleaner","prd_qm_everyday_aura_cool_mint_mouthwash","COMPLEMENT","8400","10","This complements toilet bowl cleaner in a practical basket for the same shopping occasion."
"prd_qm_brightnest_bathroom_surface_cleaner","prd_qm_cleanora_citrus_floor_disinfectant","SAME_FAMILY","7600","5","A similar household choice can be suggested when the shopper is browsing this item."
"prd_qm_brightnest_bathroom_surface_cleaner","prd_qm_softroot_soft_bristle_brush","COMPLEMENT","8400","10","This complements bathroom surface cleaner in a practical basket for the same shopping occasion."
"prd_qm_cleanora_citrus_floor_disinfectant","prd_qm_homekind_floral_floor_disinfectant","SAME_FAMILY","7600","5","A similar household choice can be suggested when the shopper is browsing this item."
"prd_qm_cleanora_citrus_floor_disinfectant","prd_qm_carebloom_medium_bristle_brush","COMPLEMENT","8400","10","This complements citrus floor disinfectant in a practical basket for the same shopping occasion."
"prd_qm_homekind_floral_floor_disinfectant","prd_qm_brightnest_glass_and_mirror_spray","SAME_FAMILY","7600","5","A similar household choice can be suggested when the shopper is browsing this item."
"prd_qm_homekind_floral_floor_disinfectant","prd_qm_everyday_aura_tongue_cleaner","COMPLEMENT","8400","10","This complements floral floor disinfectant in a practical basket for the same shopping occasion."
"prd_qm_brightnest_glass_and_mirror_spray","prd_qm_cleanora_kitchen_degreaser","SAME_FAMILY","7600","5","A similar household choice can be suggested when the shopper is browsing this item."
"prd_qm_brightnest_glass_and_mirror_spray","prd_qm_softroot_dental_floss","COMPLEMENT","8400","10","This complements glass and mirror spray in a practical basket for the same shopping occasion."
"prd_qm_cleanora_kitchen_degreaser","prd_qm_homekind_stain_lift_powder","SAME_FAMILY","7600","5","A similar household choice can be suggested when the shopper is browsing this item."
"prd_qm_cleanora_kitchen_degreaser","prd_qm_carebloom_moisture_bath_bar","COMPLEMENT","8400","10","This complements kitchen degreaser in a practical basket for the same shopping occasion."
"prd_qm_homekind_stain_lift_powder","prd_qm_brightnest_chlorine_bleach_liquid","SAME_FAMILY","7600","5","A similar household choice can be suggested when the shopper is browsing this item."
"prd_qm_homekind_stain_lift_powder","prd_qm_everyday_aura_gentle_body_wash","COMPLEMENT","8400","10","This complements stain lift powder in a practical basket for the same shopping occasion."
"prd_qm_brightnest_chlorine_bleach_liquid","prd_qm_cleanora_drain_unblocker","SAME_FAMILY","7600","5","A similar household choice can be suggested when the shopper is browsing this item."
"prd_qm_brightnest_chlorine_bleach_liquid","prd_qm_softroot_citrus_hand_wash","COMPLEMENT","8400","10","This complements chlorine bleach liquid in a practical basket for the same shopping occasion."
"prd_qm_cleanora_drain_unblocker","prd_qm_homekind_room_freshener_linen","SAME_FAMILY","7600","5","A similar household choice can be suggested when the shopper is browsing this item."
"prd_qm_cleanora_drain_unblocker","prd_qm_carebloom_daily_body_lotion","COMPLEMENT","8400","10","This complements drain unblocker in a practical basket for the same shopping occasion."
"prd_qm_homekind_room_freshener_linen","prd_qm_brightnest_mosquito_repellent_refill","SAME_FAMILY","7600","5","A similar household choice can be suggested when the shopper is browsing this item."
"prd_qm_homekind_room_freshener_linen","prd_qm_everyday_aura_shea_body_cream","COMPLEMENT","8400","10","This complements room freshener linen in a practical basket for the same shopping occasion."
"prd_qm_brightnest_mosquito_repellent_refill","prd_qm_cleanora_flying_insect_spray","SAME_FAMILY","7600","5","A similar household choice can be suggested when the shopper is browsing this item."
"prd_qm_brightnest_mosquito_repellent_refill","prd_qm_softroot_lip_balm_mint","COMPLEMENT","8400","10","This complements mosquito repellent refill in a practical basket for the same shopping occasion."
"prd_qm_cleanora_flying_insect_spray","prd_qm_homekind_cockroach_control_spray","SAME_FAMILY","7600","5","A similar household choice can be suggested when the shopper is browsing this item."
"prd_qm_cleanora_flying_insect_spray","prd_qm_carebloom_face_wash_foaming","COMPLEMENT","8400","10","This complements flying insect spray in a practical basket for the same shopping occasion."
"prd_qm_homekind_cockroach_control_spray","prd_qm_brightnest_floor_wiper","SAME_FAMILY","7600","5","A similar household choice can be suggested when the shopper is browsing this item."
"prd_qm_homekind_cockroach_control_spray","prd_qm_everyday_aura_neem_face_wash","COMPLEMENT","8400","10","This complements cockroach control spray in a practical basket for the same shopping occasion."
"prd_qm_brightnest_floor_wiper","prd_qm_cleanora_microfiber_cleaning_cloth","SAME_FAMILY","7600","5","A similar household choice can be suggested when the shopper is browsing this item."
"prd_qm_brightnest_floor_wiper","prd_qm_softroot_sun_protection_lotion","COMPLEMENT","8400","10","This complements floor wiper in a practical basket for the same shopping occasion."
"prd_qm_cleanora_microfiber_cleaning_cloth","prd_qm_homekind_heavy_duty_garbage_bags","SAME_FAMILY","7600","5","A similar household choice can be suggested when the shopper is browsing this item."
"prd_qm_cleanora_microfiber_cleaning_cloth","prd_qm_carebloom_anti_dandruff_shampoo","COMPLEMENT","8400","10","This complements microfiber cleaning cloth in a practical basket for the same shopping occasion."
"prd_qm_homekind_heavy_duty_garbage_bags","prd_qm_brightnest_steel_scrub_pads","SAME_FAMILY","7600","5","A similar household choice can be suggested when the shopper is browsing this item."
"prd_qm_homekind_heavy_duty_garbage_bags","prd_qm_everyday_aura_daily_clean_shampoo","COMPLEMENT","8400","10","This complements heavy duty garbage bags in a practical basket for the same shopping occasion."
"prd_qm_brightnest_steel_scrub_pads","prd_qm_cleanora_foam_cleaning_sponge","SAME_FAMILY","7600","5","A similar household choice can be suggested when the shopper is browsing this item."
"prd_qm_brightnest_steel_scrub_pads","prd_qm_softroot_smooth_hair_shampoo","COMPLEMENT","8400","10","This complements steel scrub pads in a practical basket for the same shopping occasion."
"prd_qm_cleanora_foam_cleaning_sponge","prd_qm_homekind_shoe_cleaning_foam","SAME_FAMILY","7600","5","A similar household choice can be suggested when the shopper is browsing this item."
"prd_qm_cleanora_foam_cleaning_sponge","prd_qm_carebloom_repair_conditioner","COMPLEMENT","8400","10","This complements foam cleaning sponge in a practical basket for the same shopping occasion."
"prd_qm_homekind_shoe_cleaning_foam","prd_qm_brightnest_wood_surface_polish","SAME_FAMILY","7600","5","A similar household choice can be suggested when the shopper is browsing this item."
"prd_qm_homekind_shoe_cleaning_foam","prd_qm_everyday_aura_coconut_hair_oil","COMPLEMENT","8400","10","This complements shoe cleaning foam in a practical basket for the same shopping occasion."
"prd_qm_brightnest_wood_surface_polish","prd_qm_cleanora_car_dashboard_cleaner","SAME_FAMILY","7600","5","A similar household choice can be suggested when the shopper is browsing this item."
"prd_qm_brightnest_wood_surface_polish","prd_qm_softroot_almond_hair_oil","COMPLEMENT","8400","10","This complements wood surface polish in a practical basket for the same shopping occasion."
"prd_qm_cleanora_car_dashboard_cleaner","prd_qm_homekind_fabric_freshener","SAME_FAMILY","7600","5","A similar household choice can be suggested when the shopper is browsing this item."
"prd_qm_cleanora_car_dashboard_cleaner","prd_qm_carebloom_styling_hair_gel","COMPLEMENT","8400","10","This complements car dashboard cleaner in a practical basket for the same shopping occasion."
"prd_qm_homekind_fabric_freshener","prd_qm_brightnest_bathroom_scrub_powder","SAME_FAMILY","7600","5","A similar household choice can be suggested when the shopper is browsing this item."
"prd_qm_homekind_fabric_freshener","prd_qm_everyday_aura_roll_on_deodorant","COMPLEMENT","8400","10","This complements fabric freshener in a practical basket for the same shopping occasion."
"prd_qm_brightnest_bathroom_scrub_powder","prd_qm_cleanora_everyday_laundry_powder","SAME_FAMILY","7600","5","A similar household choice can be suggested when the shopper is browsing this item."
"prd_qm_brightnest_bathroom_scrub_powder","prd_qm_softroot_fresh_spray_deodorant","COMPLEMENT","8400","10","This complements bathroom scrub powder in a practical basket for the same shopping occasion."
"prd_qm_carebloom_fluoride_toothpaste","prd_qm_everyday_aura_fresh_mint_gel","SAME_FAMILY","7600","5","A similar personal care choice can be suggested when the shopper is browsing this item."
"prd_qm_carebloom_fluoride_toothpaste","prd_qm_cleanora_everyday_laundry_powder","COMPLEMENT","8400","10","This complements fluoride toothpaste in a practical basket for the same shopping occasion."
"prd_qm_everyday_aura_fresh_mint_gel","prd_qm_softroot_sensitive_teeth_paste","SAME_FAMILY","7600","5","A similar personal care choice can be suggested when the shopper is browsing this item."
"prd_qm_everyday_aura_fresh_mint_gel","prd_qm_homekind_top_load_laundry_powder","COMPLEMENT","8400","10","This complements fresh mint gel in a practical basket for the same shopping occasion."
"prd_qm_softroot_sensitive_teeth_paste","prd_qm_carebloom_herbal_neem_paste","SAME_FAMILY","7600","5","A similar personal care choice can be suggested when the shopper is browsing this item."
"prd_qm_softroot_sensitive_teeth_paste","prd_qm_brightnest_front_load_laundry_liquid","COMPLEMENT","8400","10","This complements sensitive teeth paste in a practical basket for the same shopping occasion."
"prd_qm_carebloom_herbal_neem_paste","prd_qm_everyday_aura_kids_fruit_toothpaste","SAME_FAMILY","7600","5","A similar personal care choice can be suggested when the shopper is browsing this item."
"prd_qm_carebloom_herbal_neem_paste","prd_qm_cleanora_fabric_softener_fresh","COMPLEMENT","8400","10","This complements herbal neem paste in a practical basket for the same shopping occasion."
"prd_qm_everyday_aura_kids_fruit_toothpaste","prd_qm_softroot_whitening_toothpaste","SAME_FAMILY","7600","5","A similar personal care choice can be suggested when the shopper is browsing this item."
"prd_qm_everyday_aura_kids_fruit_toothpaste","prd_qm_homekind_delicate_garment_wash","COMPLEMENT","8400","10","This complements kids fruit toothpaste in a practical basket for the same shopping occasion."
"prd_qm_softroot_whitening_toothpaste","prd_qm_carebloom_mild_mouthwash","SAME_FAMILY","7600","5","A similar personal care choice can be suggested when the shopper is browsing this item."
"prd_qm_softroot_whitening_toothpaste","prd_qm_brightnest_lemon_dish_gel","COMPLEMENT","8400","10","This complements whitening toothpaste in a practical basket for the same shopping occasion."
"prd_qm_carebloom_mild_mouthwash","prd_qm_everyday_aura_cool_mint_mouthwash","SAME_FAMILY","7600","5","A similar personal care choice can be suggested when the shopper is browsing this item."
"prd_qm_carebloom_mild_mouthwash","prd_qm_cleanora_dish_scrub_bar","COMPLEMENT","8400","10","This complements mild mouthwash in a practical basket for the same shopping occasion."
"prd_qm_everyday_aura_cool_mint_mouthwash","prd_qm_softroot_soft_bristle_brush","SAME_FAMILY","7600","5","A similar personal care choice can be suggested when the shopper is browsing this item."
"prd_qm_everyday_aura_cool_mint_mouthwash","prd_qm_homekind_toilet_bowl_cleaner","COMPLEMENT","8400","10","This complements cool mint mouthwash in a practical basket for the same shopping occasion."
"prd_qm_softroot_soft_bristle_brush","prd_qm_carebloom_medium_bristle_brush","SAME_FAMILY","7600","5","A similar personal care choice can be suggested when the shopper is browsing this item."
"prd_qm_softroot_soft_bristle_brush","prd_qm_brightnest_bathroom_surface_cleaner","COMPLEMENT","8400","10","This complements soft bristle brush in a practical basket for the same shopping occasion."
"prd_qm_carebloom_medium_bristle_brush","prd_qm_everyday_aura_tongue_cleaner","SAME_FAMILY","7600","5","A similar personal care choice can be suggested when the shopper is browsing this item."
"prd_qm_carebloom_medium_bristle_brush","prd_qm_cleanora_citrus_floor_disinfectant","COMPLEMENT","8400","10","This complements medium bristle brush in a practical basket for the same shopping occasion."
"prd_qm_everyday_aura_tongue_cleaner","prd_qm_softroot_dental_floss","SAME_FAMILY","7600","5","A similar personal care choice can be suggested when the shopper is browsing this item."
"prd_qm_everyday_aura_tongue_cleaner","prd_qm_homekind_floral_floor_disinfectant","COMPLEMENT","8400","10","This complements tongue cleaner in a practical basket for the same shopping occasion."
"prd_qm_softroot_dental_floss","prd_qm_carebloom_moisture_bath_bar","SAME_FAMILY","7600","5","A similar personal care choice can be suggested when the shopper is browsing this item."
"prd_qm_softroot_dental_floss","prd_qm_brightnest_glass_and_mirror_spray","COMPLEMENT","8400","10","This complements dental floss in a practical basket for the same shopping occasion."
"prd_qm_carebloom_moisture_bath_bar","prd_qm_everyday_aura_gentle_body_wash","SAME_FAMILY","7600","5","A similar personal care choice can be suggested when the shopper is browsing this item."
"prd_qm_carebloom_moisture_bath_bar","prd_qm_cleanora_kitchen_degreaser","COMPLEMENT","8400","10","This complements moisture bath bar in a practical basket for the same shopping occasion."
"prd_qm_everyday_aura_gentle_body_wash","prd_qm_softroot_citrus_hand_wash","SAME_FAMILY","7600","5","A similar personal care choice can be suggested when the shopper is browsing this item."
"prd_qm_everyday_aura_gentle_body_wash","prd_qm_homekind_stain_lift_powder","COMPLEMENT","8400","10","This complements gentle body wash in a practical basket for the same shopping occasion."
"prd_qm_softroot_citrus_hand_wash","prd_qm_carebloom_daily_body_lotion","SAME_FAMILY","7600","5","A similar personal care choice can be suggested when the shopper is browsing this item."
"prd_qm_softroot_citrus_hand_wash","prd_qm_brightnest_chlorine_bleach_liquid","COMPLEMENT","8400","10","This complements citrus hand wash in a practical basket for the same shopping occasion."
"prd_qm_carebloom_daily_body_lotion","prd_qm_everyday_aura_shea_body_cream","SAME_FAMILY","7600","5","A similar personal care choice can be suggested when the shopper is browsing this item."
"prd_qm_carebloom_daily_body_lotion","prd_qm_cleanora_drain_unblocker","COMPLEMENT","8400","10","This complements daily body lotion in a practical basket for the same shopping occasion."
"prd_qm_everyday_aura_shea_body_cream","prd_qm_softroot_lip_balm_mint","SAME_FAMILY","7600","5","A similar personal care choice can be suggested when the shopper is browsing this item."
"prd_qm_everyday_aura_shea_body_cream","prd_qm_homekind_room_freshener_linen","COMPLEMENT","8400","10","This complements shea body cream in a practical basket for the same shopping occasion."
"prd_qm_softroot_lip_balm_mint","prd_qm_carebloom_face_wash_foaming","SAME_FAMILY","7600","5","A similar personal care choice can be suggested when the shopper is browsing this item."
"prd_qm_softroot_lip_balm_mint","prd_qm_brightnest_mosquito_repellent_refill","COMPLEMENT","8400","10","This complements lip balm mint in a practical basket for the same shopping occasion."
"prd_qm_carebloom_face_wash_foaming","prd_qm_everyday_aura_neem_face_wash","SAME_FAMILY","7600","5","A similar personal care choice can be suggested when the shopper is browsing this item."
"prd_qm_carebloom_face_wash_foaming","prd_qm_cleanora_flying_insect_spray","COMPLEMENT","8400","10","This complements face wash foaming in a practical basket for the same shopping occasion."
"prd_qm_everyday_aura_neem_face_wash","prd_qm_softroot_sun_protection_lotion","SAME_FAMILY","7600","5","A similar personal care choice can be suggested when the shopper is browsing this item."
"prd_qm_everyday_aura_neem_face_wash","prd_qm_homekind_cockroach_control_spray","COMPLEMENT","8400","10","This complements neem face wash in a practical basket for the same shopping occasion."
"prd_qm_softroot_sun_protection_lotion","prd_qm_carebloom_anti_dandruff_shampoo","SAME_FAMILY","7600","5","A similar personal care choice can be suggested when the shopper is browsing this item."
"prd_qm_softroot_sun_protection_lotion","prd_qm_brightnest_floor_wiper","COMPLEMENT","8400","10","This complements sun protection lotion in a practical basket for the same shopping occasion."
"prd_qm_carebloom_anti_dandruff_shampoo","prd_qm_everyday_aura_daily_clean_shampoo","SAME_FAMILY","7600","5","A similar personal care choice can be suggested when the shopper is browsing this item."
"prd_qm_carebloom_anti_dandruff_shampoo","prd_qm_cleanora_microfiber_cleaning_cloth","COMPLEMENT","8400","10","This complements anti dandruff shampoo in a practical basket for the same shopping occasion."
"prd_qm_everyday_aura_daily_clean_shampoo","prd_qm_softroot_smooth_hair_shampoo","SAME_FAMILY","7600","5","A similar personal care choice can be suggested when the shopper is browsing this item."
"prd_qm_everyday_aura_daily_clean_shampoo","prd_qm_homekind_heavy_duty_garbage_bags","COMPLEMENT","8400","10","This complements daily clean shampoo in a practical basket for the same shopping occasion."
"prd_qm_softroot_smooth_hair_shampoo","prd_qm_carebloom_repair_conditioner","SAME_FAMILY","7600","5","A similar personal care choice can be suggested when the shopper is browsing this item."
"prd_qm_softroot_smooth_hair_shampoo","prd_qm_brightnest_steel_scrub_pads","COMPLEMENT","8400","10","This complements smooth hair shampoo in a practical basket for the same shopping occasion."
"prd_qm_carebloom_repair_conditioner","prd_qm_everyday_aura_coconut_hair_oil","SAME_FAMILY","7600","5","A similar personal care choice can be suggested when the shopper is browsing this item."
"prd_qm_carebloom_repair_conditioner","prd_qm_cleanora_foam_cleaning_sponge","COMPLEMENT","8400","10","This complements repair conditioner in a practical basket for the same shopping occasion."
"prd_qm_everyday_aura_coconut_hair_oil","prd_qm_softroot_almond_hair_oil","SAME_FAMILY","7600","5","A similar personal care choice can be suggested when the shopper is browsing this item."
"prd_qm_everyday_aura_coconut_hair_oil","prd_qm_homekind_shoe_cleaning_foam","COMPLEMENT","8400","10","This complements coconut hair oil in a practical basket for the same shopping occasion."
"prd_qm_softroot_almond_hair_oil","prd_qm_carebloom_styling_hair_gel","SAME_FAMILY","7600","5","A similar personal care choice can be suggested when the shopper is browsing this item."
"prd_qm_softroot_almond_hair_oil","prd_qm_brightnest_wood_surface_polish","COMPLEMENT","8400","10","This complements almond hair oil in a practical basket for the same shopping occasion."
"prd_qm_carebloom_styling_hair_gel","prd_qm_everyday_aura_roll_on_deodorant","SAME_FAMILY","7600","5","A similar personal care choice can be suggested when the shopper is browsing this item."
"prd_qm_carebloom_styling_hair_gel","prd_qm_cleanora_car_dashboard_cleaner","COMPLEMENT","8400","10","This complements styling hair gel in a practical basket for the same shopping occasion."
"prd_qm_everyday_aura_roll_on_deodorant","prd_qm_softroot_fresh_spray_deodorant","SAME_FAMILY","7600","5","A similar personal care choice can be suggested when the shopper is browsing this item."
"prd_qm_everyday_aura_roll_on_deodorant","prd_qm_homekind_fabric_freshener","COMPLEMENT","8400","10","This complements roll on deodorant in a practical basket for the same shopping occasion."
"prd_qm_softroot_fresh_spray_deodorant","prd_qm_carebloom_fluoride_toothpaste","SAME_FAMILY","7600","5","A similar personal care choice can be suggested when the shopper is browsing this item."
"prd_qm_softroot_fresh_spray_deodorant","prd_qm_brightnest_bathroom_scrub_powder","COMPLEMENT","8400","10","This complements fresh spray deodorant in a practical basket for the same shopping occasion."
"prd_qm_harvesthill_whole_wheat_flour","prd_qm_kitchenleaf_multigrain_flour","SAME_FAMILY","7600","5","A similar pantry staples choice can be suggested when the shopper is browsing this item."
"prd_qm_harvesthill_whole_wheat_flour","prd_qm_greenbasket_robusta_banana","COMPLEMENT","8400","10","This complements whole wheat flour in a practical basket for the same shopping occasion."
"prd_qm_kitchenleaf_multigrain_flour","prd_qm_graincraft_long_grain_rice","SAME_FAMILY","7600","5","A similar pantry staples choice can be suggested when the shopper is browsing this item."
"prd_qm_kitchenleaf_multigrain_flour","prd_qm_dailyharvest_alphonso_mango","COMPLEMENT","8400","10","This complements multigrain flour in a practical basket for the same shopping occasion."
"prd_qm_graincraft_long_grain_rice","prd_qm_harvesthill_aromatic_basmati_rice","SAME_FAMILY","7600","5","A similar pantry staples choice can be suggested when the shopper is browsing this item."
"prd_qm_graincraft_long_grain_rice","prd_qm_freshroute_kesar_mango","COMPLEMENT","8400","10","This complements long grain rice in a practical basket for the same shopping occasion."
"prd_qm_harvesthill_aromatic_basmati_rice","prd_qm_kitchenleaf_sona_masoori_rice","SAME_FAMILY","7600","5","A similar pantry staples choice can be suggested when the shopper is browsing this item."
"prd_qm_harvesthill_aromatic_basmati_rice","prd_qm_greenbasket_red_delicious_apple","COMPLEMENT","8400","10","This complements aromatic basmati rice in a practical basket for the same shopping occasion."
"prd_qm_kitchenleaf_sona_masoori_rice","prd_qm_graincraft_brown_rice","SAME_FAMILY","7600","5","A similar pantry staples choice can be suggested when the shopper is browsing this item."
"prd_qm_kitchenleaf_sona_masoori_rice","prd_qm_dailyharvest_green_apple","COMPLEMENT","8400","10","This complements sona masoori rice in a practical basket for the same shopping occasion."
"prd_qm_graincraft_brown_rice","prd_qm_harvesthill_toor_dal","SAME_FAMILY","7600","5","A similar pantry staples choice can be suggested when the shopper is browsing this item."
"prd_qm_graincraft_brown_rice","prd_qm_freshroute_nagpur_orange","COMPLEMENT","8400","10","This complements brown rice in a practical basket for the same shopping occasion."
"prd_qm_harvesthill_toor_dal","prd_qm_kitchenleaf_split_moong_dal","SAME_FAMILY","7600","5","A similar pantry staples choice can be suggested when the shopper is browsing this item."
"prd_qm_harvesthill_toor_dal","prd_qm_greenbasket_sweet_lime","COMPLEMENT","8400","10","This complements toor dal in a practical basket for the same shopping occasion."
"prd_qm_kitchenleaf_split_moong_dal","prd_qm_graincraft_red_lentils","SAME_FAMILY","7600","5","A similar pantry staples choice can be suggested when the shopper is browsing this item."
"prd_qm_kitchenleaf_split_moong_dal","prd_qm_dailyharvest_papaya","COMPLEMENT","8400","10","This complements split moong dal in a practical basket for the same shopping occasion."
"prd_qm_graincraft_red_lentils","prd_qm_harvesthill_chana_dal","SAME_FAMILY","7600","5","A similar pantry staples choice can be suggested when the shopper is browsing this item."
"prd_qm_graincraft_red_lentils","prd_qm_freshroute_pomegranate","COMPLEMENT","8400","10","This complements red lentils in a practical basket for the same shopping occasion."
"prd_qm_harvesthill_chana_dal","prd_qm_kitchenleaf_kidney_beans","SAME_FAMILY","7600","5","A similar pantry staples choice can be suggested when the shopper is browsing this item."
"prd_qm_harvesthill_chana_dal","prd_qm_greenbasket_green_grapes","COMPLEMENT","8400","10","This complements chana dal in a practical basket for the same shopping occasion."
"prd_qm_kitchenleaf_kidney_beans","prd_qm_graincraft_kabuli_chickpeas","SAME_FAMILY","7600","5","A similar pantry staples choice can be suggested when the shopper is browsing this item."
"prd_qm_kitchenleaf_kidney_beans","prd_qm_dailyharvest_black_grapes","COMPLEMENT","8400","10","This complements kidney beans in a practical basket for the same shopping occasion."
"prd_qm_graincraft_kabuli_chickpeas","prd_qm_harvesthill_thick_poha","SAME_FAMILY","7600","5","A similar pantry staples choice can be suggested when the shopper is browsing this item."
"prd_qm_graincraft_kabuli_chickpeas","prd_qm_freshroute_guava","COMPLEMENT","8400","10","This complements kabuli chickpeas in a practical basket for the same shopping occasion."
"prd_qm_harvesthill_thick_poha","prd_qm_kitchenleaf_semolina_rava","SAME_FAMILY","7600","5","A similar pantry staples choice can be suggested when the shopper is browsing this item."
"prd_qm_harvesthill_thick_poha","prd_qm_greenbasket_pineapple","COMPLEMENT","8400","10","This complements thick poha in a practical basket for the same shopping occasion."
"prd_qm_kitchenleaf_semolina_rava","prd_qm_graincraft_gram_flour","SAME_FAMILY","7600","5","A similar pantry staples choice can be suggested when the shopper is browsing this item."
"prd_qm_kitchenleaf_semolina_rava","prd_qm_dailyharvest_watermelon","COMPLEMENT","8400","10","This complements semolina rava in a practical basket for the same shopping occasion."
"prd_qm_graincraft_gram_flour","prd_qm_harvesthill_finger_millet_flour","SAME_FAMILY","7600","5","A similar pantry staples choice can be suggested when the shopper is browsing this item."
"prd_qm_graincraft_gram_flour","prd_qm_freshroute_muskmelon","COMPLEMENT","8400","10","This complements gram flour in a practical basket for the same shopping occasion."
"prd_qm_harvesthill_finger_millet_flour","prd_qm_kitchenleaf_pearl_millet_flour","SAME_FAMILY","7600","5","A similar pantry staples choice can be suggested when the shopper is browsing this item."
"prd_qm_harvesthill_finger_millet_flour","prd_qm_greenbasket_kiwi","COMPLEMENT","8400","10","This complements finger millet flour in a practical basket for the same shopping occasion."
"prd_qm_kitchenleaf_pearl_millet_flour","prd_qm_graincraft_sorghum_flour","SAME_FAMILY","7600","5","A similar pantry staples choice can be suggested when the shopper is browsing this item."
"prd_qm_kitchenleaf_pearl_millet_flour","prd_qm_dailyharvest_pear","COMPLEMENT","8400","10","This complements pearl millet flour in a practical basket for the same shopping occasion."
"prd_qm_graincraft_sorghum_flour","prd_qm_harvesthill_broken_wheat","SAME_FAMILY","7600","5","A similar pantry staples choice can be suggested when the shopper is browsing this item."
"prd_qm_graincraft_sorghum_flour","prd_qm_freshroute_dragon_fruit","COMPLEMENT","8400","10","This complements sorghum flour in a practical basket for the same shopping occasion."
"prd_qm_harvesthill_broken_wheat","prd_qm_kitchenleaf_quinoa_grain","SAME_FAMILY","7600","5","A similar pantry staples choice can be suggested when the shopper is browsing this item."
"prd_qm_harvesthill_broken_wheat","prd_qm_greenbasket_tender_coconut","COMPLEMENT","8400","10","This complements broken wheat in a practical basket for the same shopping occasion."
"prd_qm_kitchenleaf_quinoa_grain","prd_qm_graincraft_sunflower_cooking_oil","SAME_FAMILY","7600","5","A similar pantry staples choice can be suggested when the shopper is browsing this item."
"prd_qm_kitchenleaf_quinoa_grain","prd_qm_dailyharvest_strawberry","COMPLEMENT","8400","10","This complements quinoa grain in a practical basket for the same shopping occasion."
"prd_qm_graincraft_sunflower_cooking_oil","prd_qm_harvesthill_mustard_cooking_oil","SAME_FAMILY","7600","5","A similar pantry staples choice can be suggested when the shopper is browsing this item."
"prd_qm_graincraft_sunflower_cooking_oil","prd_qm_freshroute_blueberry","COMPLEMENT","8400","10","This complements sunflower cooking oil in a practical basket for the same shopping occasion."
"prd_qm_harvesthill_mustard_cooking_oil","prd_qm_kitchenleaf_groundnut_cooking_oil","SAME_FAMILY","7600","5","A similar pantry staples choice can be suggested when the shopper is browsing this item."
"prd_qm_harvesthill_mustard_cooking_oil","prd_qm_greenbasket_chikoo","COMPLEMENT","8400","10","This complements mustard cooking oil in a practical basket for the same shopping occasion."
"prd_qm_kitchenleaf_groundnut_cooking_oil","prd_qm_graincraft_rice_bran_oil","SAME_FAMILY","7600","5","A similar pantry staples choice can be suggested when the shopper is browsing this item."
"prd_qm_kitchenleaf_groundnut_cooking_oil","prd_qm_dailyharvest_plum","COMPLEMENT","8400","10","This complements groundnut cooking oil in a practical basket for the same shopping occasion."
"prd_qm_graincraft_rice_bran_oil","prd_qm_harvesthill_iodised_table_salt","SAME_FAMILY","7600","5","A similar pantry staples choice can be suggested when the shopper is browsing this item."
"prd_qm_graincraft_rice_bran_oil","prd_qm_freshroute_peach","COMPLEMENT","8400","10","This complements rice bran oil in a practical basket for the same shopping occasion."
"prd_qm_harvesthill_iodised_table_salt","prd_qm_kitchenleaf_cane_sugar","SAME_FAMILY","7600","5","A similar pantry staples choice can be suggested when the shopper is browsing this item."
"prd_qm_harvesthill_iodised_table_salt","prd_qm_greenbasket_litchi","COMPLEMENT","8400","10","This complements iodised table salt in a practical basket for the same shopping occasion."
"prd_qm_kitchenleaf_cane_sugar","prd_qm_graincraft_jaggery_powder","SAME_FAMILY","7600","5","A similar pantry staples choice can be suggested when the shopper is browsing this item."
"prd_qm_kitchenleaf_cane_sugar","prd_qm_dailyharvest_avocado","COMPLEMENT","8400","10","This complements cane sugar in a practical basket for the same shopping occasion."
"prd_qm_graincraft_jaggery_powder","prd_qm_harvesthill_forest_honey","SAME_FAMILY","7600","5","A similar pantry staples choice can be suggested when the shopper is browsing this item."
"prd_qm_graincraft_jaggery_powder","prd_qm_freshroute_hybrid_tomato","COMPLEMENT","8400","10","This complements jaggery powder in a practical basket for the same shopping occasion."
"prd_qm_harvesthill_forest_honey","prd_qm_kitchenleaf_creamy_peanut_spread","SAME_FAMILY","7600","5","A similar pantry staples choice can be suggested when the shopper is browsing this item."
"prd_qm_harvesthill_forest_honey","prd_qm_greenbasket_red_onion","COMPLEMENT","8400","10","This complements forest honey in a practical basket for the same shopping occasion."
"prd_qm_kitchenleaf_creamy_peanut_spread","prd_qm_graincraft_tomato_cooking_sauce","SAME_FAMILY","7600","5","A similar pantry staples choice can be suggested when the shopper is browsing this item."
"prd_qm_kitchenleaf_creamy_peanut_spread","prd_qm_dailyharvest_table_potato","COMPLEMENT","8400","10","This complements creamy peanut spread in a practical basket for the same shopping occasion."
"prd_qm_graincraft_tomato_cooking_sauce","prd_qm_harvesthill_whole_wheat_flour","SAME_FAMILY","7600","5","A similar pantry staples choice can be suggested when the shopper is browsing this item."
"prd_qm_graincraft_tomato_cooking_sauce","prd_qm_freshroute_green_capsicum","COMPLEMENT","8400","10","This complements tomato cooking sauce in a practical basket for the same shopping occasion."
"prd_qm_pawplate_puppy_chicken_meal","prd_qm_whiskerbowl_adult_chicken_dog_meal","SAME_FAMILY","7600","5","A similar pet supplies choice can be suggested when the shopper is browsing this item."
"prd_qm_pawplate_puppy_chicken_meal","prd_qm_crispkettle_tea_biscuits_plain","COMPLEMENT","8400","10","This complements puppy chicken meal in a practical basket for the same shopping occasion."
"prd_qm_whiskerbowl_adult_chicken_dog_meal","prd_qm_tailtrail_lamb_rice_dog_meal","SAME_FAMILY","7600","5","A similar pet supplies choice can be suggested when the shopper is browsing this item."
"prd_qm_whiskerbowl_adult_chicken_dog_meal","prd_qm_munchmitra_butter_shortbread_bites","COMPLEMENT","8400","10","This complements adult chicken dog meal in a practical basket for the same shopping occasion."
"prd_qm_tailtrail_lamb_rice_dog_meal","prd_qm_pawplate_small_dog_dental_chews","SAME_FAMILY","7600","5","A similar pet supplies choice can be suggested when the shopper is browsing this item."
"prd_qm_tailtrail_lamb_rice_dog_meal","prd_qm_nibblenest_cocoa_cream_biscuits","COMPLEMENT","8400","10","This complements lamb rice dog meal in a practical basket for the same shopping occasion."
"prd_qm_pawplate_small_dog_dental_chews","prd_qm_whiskerbowl_large_dog_dental_chews","SAME_FAMILY","7600","5","A similar pet supplies choice can be suggested when the shopper is browsing this item."
"prd_qm_pawplate_small_dog_dental_chews","prd_qm_crispkettle_oat_crunch_cookies","COMPLEMENT","8400","10","This complements small dog dental chews in a practical basket for the same shopping occasion."
"prd_qm_whiskerbowl_large_dog_dental_chews","prd_qm_tailtrail_chicken_training_treats","SAME_FAMILY","7600","5","A similar pet supplies choice can be suggested when the shopper is browsing this item."
"prd_qm_whiskerbowl_large_dog_dental_chews","prd_qm_munchmitra_salted_cracker_squares","COMPLEMENT","8400","10","This complements large dog dental chews in a practical basket for the same shopping occasion."
"prd_qm_tailtrail_chicken_training_treats","prd_qm_pawplate_ocean_fish_cat_meal","SAME_FAMILY","7600","5","A similar pet supplies choice can be suggested when the shopper is browsing this item."
"prd_qm_tailtrail_chicken_training_treats","prd_qm_nibblenest_coconut_snap_biscuits","COMPLEMENT","8400","10","This complements chicken training treats in a practical basket for the same shopping occasion."
"prd_qm_pawplate_ocean_fish_cat_meal","prd_qm_whiskerbowl_tuna_cat_meal","SAME_FAMILY","7600","5","A similar pet supplies choice can be suggested when the shopper is browsing this item."
"prd_qm_pawplate_ocean_fish_cat_meal","prd_qm_crispkettle_cardamom_tea_biscuits","COMPLEMENT","8400","10","This complements ocean fish cat meal in a practical basket for the same shopping occasion."
"prd_qm_whiskerbowl_tuna_cat_meal","prd_qm_tailtrail_salmon_cat_pouch","SAME_FAMILY","7600","5","A similar pet supplies choice can be suggested when the shopper is browsing this item."
"prd_qm_whiskerbowl_tuna_cat_meal","prd_qm_munchmitra_honey_oat_cookies","COMPLEMENT","8400","10","This complements tuna cat meal in a practical basket for the same shopping occasion."
"prd_qm_tailtrail_salmon_cat_pouch","prd_qm_pawplate_indoor_cat_dry_food","SAME_FAMILY","7600","5","A similar pet supplies choice can be suggested when the shopper is browsing this item."
"prd_qm_tailtrail_salmon_cat_pouch","prd_qm_nibblenest_ragi_sesame_bites","COMPLEMENT","8400","10","This complements salmon cat pouch in a practical basket for the same shopping occasion."
"prd_qm_pawplate_indoor_cat_dry_food","prd_qm_whiskerbowl_sensitive_dog_food","SAME_FAMILY","7600","5","A similar pet supplies choice can be suggested when the shopper is browsing this item."
"prd_qm_pawplate_indoor_cat_dry_food","prd_qm_crispkettle_choco_chip_rounds","COMPLEMENT","8400","10","This complements indoor cat dry food in a practical basket for the same shopping occasion."
"prd_qm_whiskerbowl_sensitive_dog_food","prd_qm_tailtrail_puppy_starter_food","SAME_FAMILY","7600","5","A similar pet supplies choice can be suggested when the shopper is browsing this item."
"prd_qm_whiskerbowl_sensitive_dog_food","prd_qm_munchmitra_classic_potato_crisps","COMPLEMENT","8400","10","This complements sensitive dog food in a practical basket for the same shopping occasion."
"prd_qm_tailtrail_puppy_starter_food","prd_qm_pawplate_senior_dog_food","SAME_FAMILY","7600","5","A similar pet supplies choice can be suggested when the shopper is browsing this item."
"prd_qm_tailtrail_puppy_starter_food","prd_qm_nibblenest_smoky_barbecue_crisps","COMPLEMENT","8400","10","This complements puppy starter food in a practical basket for the same shopping occasion."
"prd_qm_pawplate_senior_dog_food","prd_qm_whiskerbowl_kitten_growth_food","SAME_FAMILY","7600","5","A similar pet supplies choice can be suggested when the shopper is browsing this item."
"prd_qm_pawplate_senior_dog_food","prd_qm_crispkettle_lime_chilli_crisps","COMPLEMENT","8400","10","This complements senior dog food in a practical basket for the same shopping occasion."
"prd_qm_whiskerbowl_kitten_growth_food","prd_qm_tailtrail_small_breed_adult_food","SAME_FAMILY","7600","5","A similar pet supplies choice can be suggested when the shopper is browsing this item."
"prd_qm_whiskerbowl_kitten_growth_food","prd_qm_munchmitra_tomato_herb_crisps","COMPLEMENT","8400","10","This complements kitten growth food in a practical basket for the same shopping occasion."
"prd_qm_tailtrail_small_breed_adult_food","prd_qm_pawplate_cat_treat_crunchies","SAME_FAMILY","7600","5","A similar pet supplies choice can be suggested when the shopper is browsing this item."
"prd_qm_tailtrail_small_breed_adult_food","prd_qm_nibblenest_roasted_corn_puffs","COMPLEMENT","8400","10","This complements small breed adult food in a practical basket for the same shopping occasion."
"prd_qm_pawplate_cat_treat_crunchies","prd_qm_whiskerbowl_chicken_jerky_strips","SAME_FAMILY","7600","5","A similar pet supplies choice can be suggested when the shopper is browsing this item."
"prd_qm_pawplate_cat_treat_crunchies","prd_qm_crispkettle_masala_lentil_rings","COMPLEMENT","8400","10","This complements cat treat crunchies in a practical basket for the same shopping occasion."
"prd_qm_whiskerbowl_chicken_jerky_strips","prd_qm_tailtrail_chewable_dental_bone","SAME_FAMILY","7600","5","A similar pet supplies choice can be suggested when the shopper is browsing this item."
"prd_qm_whiskerbowl_chicken_jerky_strips","prd_qm_munchmitra_spiced_gram_sev","COMPLEMENT","8400","10","This complements chicken jerky strips in a practical basket for the same shopping occasion."
"prd_qm_tailtrail_chewable_dental_bone","prd_qm_pawplate_clumping_cat_litter","SAME_FAMILY","7600","5","A similar pet supplies choice can be suggested when the shopper is browsing this item."
"prd_qm_tailtrail_chewable_dental_bone","prd_qm_nibblenest_tangy_trail_mix","COMPLEMENT","8400","10","This complements chewable dental bone in a practical basket for the same shopping occasion."
"prd_qm_pawplate_clumping_cat_litter","prd_qm_whiskerbowl_herbal_pet_shampoo","SAME_FAMILY","7600","5","A similar pet supplies choice can be suggested when the shopper is browsing this item."
"prd_qm_pawplate_clumping_cat_litter","prd_qm_crispkettle_peanut_jaggery_brittle","COMPLEMENT","8400","10","This complements clumping cat litter in a practical basket for the same shopping occasion."
"prd_qm_whiskerbowl_herbal_pet_shampoo","prd_qm_pawplate_puppy_chicken_meal","SAME_FAMILY","7600","5","A similar pet supplies choice can be suggested when the shopper is browsing this item."
"prd_qm_whiskerbowl_herbal_pet_shampoo","prd_qm_munchmitra_roasted_chana_mix","COMPLEMENT","8400","10","This complements herbal pet shampoo in a practical basket for the same shopping occasion."
"prd_qm_littlesprout_newborn_diaper_pants","prd_qm_tinynest_small_diaper_pants","SAME_FAMILY","7600","5","A similar baby care choice can be suggested when the shopper is browsing this item."
"prd_qm_littlesprout_newborn_diaper_pants","prd_qm_softroot_sun_protection_lotion","COMPLEMENT","8400","10","This complements newborn diaper pants in a practical basket for the same shopping occasion."
"prd_qm_tinynest_small_diaper_pants","prd_qm_gentlesteps_medium_diaper_pants","SAME_FAMILY","7600","5","A similar baby care choice can be suggested when the shopper is browsing this item."
"prd_qm_tinynest_small_diaper_pants","prd_qm_carebloom_anti_dandruff_shampoo","COMPLEMENT","8400","10","This complements small diaper pants in a practical basket for the same shopping occasion."
"prd_qm_gentlesteps_medium_diaper_pants","prd_qm_littlesprout_large_diaper_pants","SAME_FAMILY","7600","5","A similar baby care choice can be suggested when the shopper is browsing this item."
"prd_qm_gentlesteps_medium_diaper_pants","prd_qm_everyday_aura_daily_clean_shampoo","COMPLEMENT","8400","10","This complements medium diaper pants in a practical basket for the same shopping occasion."
"prd_qm_littlesprout_large_diaper_pants","prd_qm_tinynest_extra_large_diaper_pants","SAME_FAMILY","7600","5","A similar baby care choice can be suggested when the shopper is browsing this item."
"prd_qm_littlesprout_large_diaper_pants","prd_qm_softroot_smooth_hair_shampoo","COMPLEMENT","8400","10","This complements large diaper pants in a practical basket for the same shopping occasion."
"prd_qm_tinynest_extra_large_diaper_pants","prd_qm_gentlesteps_overnight_diaper_pants","SAME_FAMILY","7600","5","A similar baby care choice can be suggested when the shopper is browsing this item."
"prd_qm_tinynest_extra_large_diaper_pants","prd_qm_carebloom_repair_conditioner","COMPLEMENT","8400","10","This complements extra large diaper pants in a practical basket for the same shopping occasion."
"prd_qm_gentlesteps_overnight_diaper_pants","prd_qm_littlesprout_sensitive_baby_wipes","SAME_FAMILY","7600","5","A similar baby care choice can be suggested when the shopper is browsing this item."
"prd_qm_gentlesteps_overnight_diaper_pants","prd_qm_everyday_aura_coconut_hair_oil","COMPLEMENT","8400","10","This complements overnight diaper pants in a practical basket for the same shopping occasion."
"prd_qm_littlesprout_sensitive_baby_wipes","prd_qm_tinynest_aloe_baby_wipes","SAME_FAMILY","7600","5","A similar baby care choice can be suggested when the shopper is browsing this item."
"prd_qm_littlesprout_sensitive_baby_wipes","prd_qm_softroot_almond_hair_oil","COMPLEMENT","8400","10","This complements sensitive baby wipes in a practical basket for the same shopping occasion."
"prd_qm_tinynest_aloe_baby_wipes","prd_qm_gentlesteps_gentle_baby_shampoo","SAME_FAMILY","7600","5","A similar baby care choice can be suggested when the shopper is browsing this item."
"prd_qm_tinynest_aloe_baby_wipes","prd_qm_carebloom_styling_hair_gel","COMPLEMENT","8400","10","This complements aloe baby wipes in a practical basket for the same shopping occasion."
"prd_qm_gentlesteps_gentle_baby_shampoo","prd_qm_littlesprout_mild_baby_soap","SAME_FAMILY","7600","5","A similar baby care choice can be suggested when the shopper is browsing this item."
"prd_qm_gentlesteps_gentle_baby_shampoo","prd_qm_everyday_aura_roll_on_deodorant","COMPLEMENT","8400","10","This complements gentle baby shampoo in a practical basket for the same shopping occasion."
"prd_qm_littlesprout_mild_baby_soap","prd_qm_tinynest_daily_baby_lotion","SAME_FAMILY","7600","5","A similar baby care choice can be suggested when the shopper is browsing this item."
"prd_qm_littlesprout_mild_baby_soap","prd_qm_softroot_fresh_spray_deodorant","COMPLEMENT","8400","10","This complements mild baby soap in a practical basket for the same shopping occasion."
"prd_qm_tinynest_daily_baby_lotion","prd_qm_gentlesteps_protective_diaper_cream","SAME_FAMILY","7600","5","A similar baby care choice can be suggested when the shopper is browsing this item."
"prd_qm_tinynest_daily_baby_lotion","prd_qm_carebloom_fluoride_toothpaste","COMPLEMENT","8400","10","This complements daily baby lotion in a practical basket for the same shopping occasion."
"prd_qm_gentlesteps_protective_diaper_cream","prd_qm_littlesprout_baby_massage_oil","SAME_FAMILY","7600","5","A similar baby care choice can be suggested when the shopper is browsing this item."
"prd_qm_gentlesteps_protective_diaper_cream","prd_qm_everyday_aura_fresh_mint_gel","COMPLEMENT","8400","10","This complements protective diaper cream in a practical basket for the same shopping occasion."
"prd_qm_littlesprout_baby_massage_oil","prd_qm_tinynest_calming_baby_wash","SAME_FAMILY","7600","5","A similar baby care choice can be suggested when the shopper is browsing this item."
"prd_qm_littlesprout_baby_massage_oil","prd_qm_softroot_sensitive_teeth_paste","COMPLEMENT","8400","10","This complements baby massage oil in a practical basket for the same shopping occasion."
"prd_qm_tinynest_calming_baby_wash","prd_qm_gentlesteps_tear_free_hair_wash","SAME_FAMILY","7600","5","A similar baby care choice can be suggested when the shopper is browsing this item."
"prd_qm_tinynest_calming_baby_wash","prd_qm_carebloom_herbal_neem_paste","COMPLEMENT","8400","10","This complements calming baby wash in a practical basket for the same shopping occasion."
"prd_qm_gentlesteps_tear_free_hair_wash","prd_qm_littlesprout_rice_cereal_stage_one","SAME_FAMILY","7600","5","A similar baby care choice can be suggested when the shopper is browsing this item."
"prd_qm_gentlesteps_tear_free_hair_wash","prd_qm_everyday_aura_kids_fruit_toothpaste","COMPLEMENT","8400","10","This complements tear free hair wash in a practical basket for the same shopping occasion."
"prd_qm_littlesprout_rice_cereal_stage_one","prd_qm_tinynest_wheat_apple_cereal","SAME_FAMILY","7600","5","A similar baby care choice can be suggested when the shopper is browsing this item."
"prd_qm_littlesprout_rice_cereal_stage_one","prd_qm_softroot_whitening_toothpaste","COMPLEMENT","8400","10","This complements rice cereal stage one in a practical basket for the same shopping occasion."
"prd_qm_tinynest_wheat_apple_cereal","prd_qm_gentlesteps_rice_vegetable_cereal","SAME_FAMILY","7600","5","A similar baby care choice can be suggested when the shopper is browsing this item."
"prd_qm_tinynest_wheat_apple_cereal","prd_qm_carebloom_mild_mouthwash","COMPLEMENT","8400","10","This complements wheat apple cereal in a practical basket for the same shopping occasion."
"prd_qm_gentlesteps_rice_vegetable_cereal","prd_qm_littlesprout_silicone_feeding_spoon","SAME_FAMILY","7600","5","A similar baby care choice can be suggested when the shopper is browsing this item."
"prd_qm_gentlesteps_rice_vegetable_cereal","prd_qm_everyday_aura_cool_mint_mouthwash","COMPLEMENT","8400","10","This complements rice vegetable cereal in a practical basket for the same shopping occasion."
"prd_qm_littlesprout_silicone_feeding_spoon","prd_qm_tinynest_infant_feeding_bottle","SAME_FAMILY","7600","5","A similar baby care choice can be suggested when the shopper is browsing this item."
"prd_qm_littlesprout_silicone_feeding_spoon","prd_qm_softroot_soft_bristle_brush","COMPLEMENT","8400","10","This complements silicone feeding spoon in a practical basket for the same shopping occasion."
"prd_qm_tinynest_infant_feeding_bottle","prd_qm_littlesprout_newborn_diaper_pants","SAME_FAMILY","7600","5","A similar baby care choice can be suggested when the shopper is browsing this item."
"prd_qm_tinynest_infant_feeding_bottle","prd_qm_carebloom_medium_bristle_brush","COMPLEMENT","8400","10","This complements infant feeding bottle in a practical basket for the same shopping occasion."
